user_id,experiment_group,assigned_at,experiment_name
U000001,control,2026-02-07,smart_onboarding_v1
U000002,control,2026-05-27,smart_onboarding_v1
U000003,control,2026-03-13,smart_onboarding_v1
U000004,smart_onboarding,2026-02-05,smart_onboarding_v1
U000005,control,2026-04-29,smart_onboarding_v1
U000006,smart_onboarding,2026-06-03,smart_onboarding_v1
U000007,control,2026-02-06,smart_onboarding_v1
U000008,smart_onboarding,2026-02-27,smart_onboarding_v1
U000009,control,2026-02-16,smart_onboarding_v1
U000010,control,2026-06-13,smart_onboarding_v1
U000011,smart_onboarding,2026-03-27,smart_onboarding_v1
U000012,smart_onboarding,2026-06-26,smart_onboarding_v1
U000013,control,2026-03-01,smart_onboarding_v1
U000014,control,2026-05-16,smart_onboarding_v1
U000015,smart_onboarding,2026-01-24,smart_onboarding_v1
U000016,smart_onboarding,2026-01-27,smart_onboarding_v1
U000017,control,2026-03-05,smart_onboarding_v1
U000018,control,2026-03-18,smart_onboarding_v1
U000019,smart_onboarding,2026-04-15,smart_onboarding_v1
U000020,control,2026-06-14,smart_onboarding_v1
U000021,smart_onboarding,2026-04-11,smart_onboarding_v1
U000022,control,2026-01-04,smart_onboarding_v1
U000023,control,2026-01-29,smart_onboarding_v1
U000024,smart_onboarding,2026-03-07,smart_onboarding_v1
U000025,smart_onboarding,2026-03-20,smart_onboarding_v1
U000026,control,2026-03-07,smart_onboarding_v1
U000027,smart_onboarding,2026-05-09,smart_onboarding_v1
U000028,smart_onboarding,2026-02-09,smart_onboarding_v1
U000029,smart_onboarding,2026-01-19,smart_onboarding_v1
U000030,control,2026-03-15,smart_onboarding_v1
U000031,control,2026-03-28,smart_onboarding_v1
U000032,control,2026-03-09,smart_onboarding_v1
U000033,control,2026-01-17,smart_onboarding_v1
U000034,control,2026-01-20,smart_onboarding_v1
U000035,smart_onboarding,2026-02-10,smart_onboarding_v1
U000036,smart_onboarding,2026-01-31,smart_onboarding_v1
U000037,control,2026-03-13,smart_onboarding_v1
U000038,control,2026-06-08,smart_onboarding_v1
U000039,smart_onboarding,2026-05-26,smart_onboarding_v1
U000040,smart_onboarding,2026-06-26,smart_onboarding_v1
U000041,control,2026-03-08,smart_onboarding_v1
U000042,smart_onboarding,2026-05-13,smart_onboarding_v1
U000043,control,2026-03-28,smart_onboarding_v1
U000044,control,2026-01-16,smart_onboarding_v1
U000045,smart_onboarding,2026-03-09,smart_onboarding_v1
U000046,control,2026-05-31,smart_onboarding_v1
U000047,control,2026-03-06,smart_onboarding_v1
U000048,control,2026-01-14,smart_onboarding_v1
U000049,control,2026-05-05,smart_onboarding_v1
U000050,control,2026-02-18,smart_onboarding_v1
U000051,smart_onboarding,2026-02-05,smart_onboarding_v1
U000052,smart_onboarding,2026-05-12,smart_onboarding_v1
U000053,smart_onboarding,2026-02-15,smart_onboarding_v1
U000054,smart_onboarding,2026-01-17,smart_onboarding_v1
U000055,smart_onboarding,2026-05-15,smart_onboarding_v1
U000056,control,2026-04-22,smart_onboarding_v1
U000057,smart_onboarding,2026-04-23,smart_onboarding_v1
U000058,control,2026-05-12,smart_onboarding_v1
U000059,smart_onboarding,2026-04-07,smart_onboarding_v1
U000060,control,2026-02-06,smart_onboarding_v1
U000061,control,2026-03-05,smart_onboarding_v1
U000062,smart_onboarding,2026-06-24,smart_onboarding_v1
U000063,smart_onboarding,2026-04-10,smart_onboarding_v1
U000064,smart_onboarding,2026-06-02,smart_onboarding_v1
U000065,smart_onboarding,2026-01-31,smart_onboarding_v1
U000066,smart_onboarding,2026-06-28,smart_onboarding_v1
U000067,smart_onboarding,2026-03-30,smart_onboarding_v1
U000068,smart_onboarding,2026-06-24,smart_onboarding_v1
U000069,control,2026-04-07,smart_onboarding_v1
U000070,smart_onboarding,2026-04-12,smart_onboarding_v1
U000071,smart_onboarding,2026-04-04,smart_onboarding_v1
U000072,control,2026-05-26,smart_onboarding_v1
U000073,smart_onboarding,2026-05-19,smart_onboarding_v1
U000074,smart_onboarding,2026-03-07,smart_onboarding_v1
U000075,smart_onboarding,2026-06-02,smart_onboarding_v1
U000076,smart_onboarding,2026-01-25,smart_onboarding_v1
U000077,smart_onboarding,2026-03-13,smart_onboarding_v1
U000078,control,2026-02-07,smart_onboarding_v1
U000079,control,2026-06-17,smart_onboarding_v1
U000080,control,2026-01-06,smart_onboarding_v1
U000081,control,2026-03-13,smart_onboarding_v1
U000082,smart_onboarding,2026-01-13,smart_onboarding_v1
U000083,control,2026-06-14,smart_onboarding_v1
U000084,smart_onboarding,2026-06-13,smart_onboarding_v1
U000085,smart_onboarding,2026-02-06,smart_onboarding_v1
U000086,smart_onboarding,2026-06-10,smart_onboarding_v1
U000087,smart_onboarding,2026-05-16,smart_onboarding_v1
U000088,smart_onboarding,2026-04-16,smart_onboarding_v1
U000089,control,2026-05-17,smart_onboarding_v1
U000090,control,2026-02-12,smart_onboarding_v1
U000091,control,2026-03-27,smart_onboarding_v1
U000092,smart_onboarding,2026-03-01,smart_onboarding_v1
U000093,control,2026-02-05,smart_onboarding_v1
U000094,control,2026-01-23,smart_onboarding_v1
U000095,smart_onboarding,2026-06-21,smart_onboarding_v1
U000096,smart_onboarding,2026-03-03,smart_onboarding_v1
U000097,smart_onboarding,2026-01-20,smart_onboarding_v1
U000098,smart_onboarding,2026-02-01,smart_onboarding_v1
U000099,control,2026-06-22,smart_onboarding_v1
U000100,control,2026-02-13,smart_onboarding_v1
U000101,smart_onboarding,2026-04-21,smart_onboarding_v1
U000102,control,2026-05-25,smart_onboarding_v1
U000103,smart_onboarding,2026-05-16,smart_onboarding_v1
U000104,control,2026-05-11,smart_onboarding_v1
U000105,smart_onboarding,2026-04-24,smart_onboarding_v1
U000106,smart_onboarding,2026-04-14,smart_onboarding_v1
U000107,control,2026-05-25,smart_onboarding_v1
U000108,control,2026-01-06,smart_onboarding_v1
U000109,smart_onboarding,2026-06-25,smart_onboarding_v1
U000110,control,2026-06-09,smart_onboarding_v1
U000111,smart_onboarding,2026-04-20,smart_onboarding_v1
U000112,control,2026-05-10,smart_onboarding_v1
U000113,smart_onboarding,2026-05-23,smart_onboarding_v1
U000114,smart_onboarding,2026-02-19,smart_onboarding_v1
U000115,smart_onboarding,2026-01-29,smart_onboarding_v1
U000116,control,2026-01-14,smart_onboarding_v1
U000117,smart_onboarding,2026-02-06,smart_onboarding_v1
U000118,control,2026-03-20,smart_onboarding_v1
U000119,control,2026-01-08,smart_onboarding_v1
U000120,smart_onboarding,2026-05-02,smart_onboarding_v1
U000121,smart_onboarding,2026-05-17,smart_onboarding_v1
U000122,smart_onboarding,2026-04-21,smart_onboarding_v1
U000123,control,2026-05-28,smart_onboarding_v1
U000124,control,2026-03-14,smart_onboarding_v1
U000125,control,2026-02-11,smart_onboarding_v1
U000126,smart_onboarding,2026-04-14,smart_onboarding_v1
U000127,control,2026-03-25,smart_onboarding_v1
U000128,smart_onboarding,2026-05-22,smart_onboarding_v1
U000129,control,2026-04-13,smart_onboarding_v1
U000130,control,2026-01-03,smart_onboarding_v1
U000131,smart_onboarding,2026-06-19,smart_onboarding_v1
U000132,control,2026-02-08,smart_onboarding_v1
U000133,control,2026-01-26,smart_onboarding_v1
U000134,control,2026-03-15,smart_onboarding_v1
U000135,control,2026-02-22,smart_onboarding_v1
U000136,control,2026-06-13,smart_onboarding_v1
U000137,smart_onboarding,2026-03-09,smart_onboarding_v1
U000138,control,2026-04-18,smart_onboarding_v1
U000139,control,2026-05-20,smart_onboarding_v1
U000140,control,2026-06-16,smart_onboarding_v1
U000141,control,2026-05-10,smart_onboarding_v1
U000142,smart_onboarding,2026-05-17,smart_onboarding_v1
U000143,smart_onboarding,2026-03-31,smart_onboarding_v1
U000144,smart_onboarding,2026-03-03,smart_onboarding_v1
U000145,smart_onboarding,2026-02-24,smart_onboarding_v1
U000146,smart_onboarding,2026-06-27,smart_onboarding_v1
U000147,smart_onboarding,2026-05-16,smart_onboarding_v1
U000148,control,2026-06-17,smart_onboarding_v1
U000149,smart_onboarding,2026-01-06,smart_onboarding_v1
U000150,control,2026-05-28,smart_onboarding_v1
U000151,smart_onboarding,2026-02-17,smart_onboarding_v1
U000152,smart_onboarding,2026-01-19,smart_onboarding_v1
U000153,control,2026-02-20,smart_onboarding_v1
U000154,control,2026-01-14,smart_onboarding_v1
U000155,smart_onboarding,2026-01-31,smart_onboarding_v1
U000156,smart_onboarding,2026-03-03,smart_onboarding_v1
U000157,control,2026-03-27,smart_onboarding_v1
U000158,smart_onboarding,2026-04-23,smart_onboarding_v1
U000159,control,2026-05-21,smart_onboarding_v1
U000160,smart_onboarding,2026-04-03,smart_onboarding_v1
U000161,smart_onboarding,2026-06-12,smart_onboarding_v1
U000162,control,2026-06-01,smart_onboarding_v1
U000163,control,2026-01-24,smart_onboarding_v1
U000164,control,2026-05-01,smart_onboarding_v1
U000165,control,2026-03-25,smart_onboarding_v1
U000166,control,2026-03-17,smart_onboarding_v1
U000167,smart_onboarding,2026-04-08,smart_onboarding_v1
U000168,control,2026-05-30,smart_onboarding_v1
U000169,smart_onboarding,2026-05-15,smart_onboarding_v1
U000170,smart_onboarding,2026-04-07,smart_onboarding_v1
U000171,smart_onboarding,2026-05-11,smart_onboarding_v1
U000172,smart_onboarding,2026-01-18,smart_onboarding_v1
U000173,smart_onboarding,2026-03-30,smart_onboarding_v1
U000174,control,2026-04-06,smart_onboarding_v1
U000175,smart_onboarding,2026-03-14,smart_onboarding_v1
U000176,control,2026-06-14,smart_onboarding_v1
U000177,control,2026-03-13,smart_onboarding_v1
U000178,smart_onboarding,2026-02-17,smart_onboarding_v1
U000179,control,2026-05-13,smart_onboarding_v1
U000180,control,2026-04-21,smart_onboarding_v1
U000181,control,2026-06-26,smart_onboarding_v1
U000182,control,2026-01-09,smart_onboarding_v1
U000183,control,2026-04-04,smart_onboarding_v1
U000184,smart_onboarding,2026-04-16,smart_onboarding_v1
U000185,smart_onboarding,2026-01-08,smart_onboarding_v1
U000186,control,2026-01-16,smart_onboarding_v1
U000187,smart_onboarding,2026-05-21,smart_onboarding_v1
U000188,control,2026-01-10,smart_onboarding_v1
U000189,control,2026-06-05,smart_onboarding_v1
U000190,smart_onboarding,2026-03-15,smart_onboarding_v1
U000191,control,2026-02-03,smart_onboarding_v1
U000192,control,2026-03-23,smart_onboarding_v1
U000193,smart_onboarding,2026-04-28,smart_onboarding_v1
U000194,smart_onboarding,2026-06-27,smart_onboarding_v1
U000195,smart_onboarding,2026-06-15,smart_onboarding_v1
U000196,smart_onboarding,2026-05-17,smart_onboarding_v1
U000197,control,2026-02-12,smart_onboarding_v1
U000198,control,2026-06-03,smart_onboarding_v1
U000199,control,2026-05-17,smart_onboarding_v1
U000200,smart_onboarding,2026-05-20,smart_onboarding_v1
U000201,control,2026-05-27,smart_onboarding_v1
U000202,control,2026-02-22,smart_onboarding_v1
U000203,control,2026-02-10,smart_onboarding_v1
U000204,smart_onboarding,2026-01-22,smart_onboarding_v1
U000205,smart_onboarding,2026-05-17,smart_onboarding_v1
U000206,control,2026-05-24,smart_onboarding_v1
U000207,smart_onboarding,2026-06-04,smart_onboarding_v1
U000208,control,2026-06-04,smart_onboarding_v1
U000209,control,2026-05-01,smart_onboarding_v1
U000210,control,2026-06-15,smart_onboarding_v1
U000211,smart_onboarding,2026-04-21,smart_onboarding_v1
U000212,control,2026-06-01,smart_onboarding_v1
U000213,smart_onboarding,2026-01-20,smart_onboarding_v1
U000214,control,2026-04-13,smart_onboarding_v1
U000215,smart_onboarding,2026-01-08,smart_onboarding_v1
U000216,smart_onboarding,2026-04-25,smart_onboarding_v1
U000217,control,2026-04-14,smart_onboarding_v1
U000218,smart_onboarding,2026-05-01,smart_onboarding_v1
U000219,control,2026-05-31,smart_onboarding_v1
U000220,control,2026-06-25,smart_onboarding_v1
U000221,control,2026-06-14,smart_onboarding_v1
U000222,control,2026-03-04,smart_onboarding_v1
U000223,smart_onboarding,2026-01-09,smart_onboarding_v1
U000224,control,2026-04-18,smart_onboarding_v1
U000225,control,2026-06-30,smart_onboarding_v1
U000226,control,2026-01-12,smart_onboarding_v1
U000227,smart_onboarding,2026-02-18,smart_onboarding_v1
U000228,smart_onboarding,2026-06-14,smart_onboarding_v1
U000229,smart_onboarding,2026-06-29,smart_onboarding_v1
U000230,smart_onboarding,2026-04-12,smart_onboarding_v1
U000231,smart_onboarding,2026-02-05,smart_onboarding_v1
U000232,control,2026-06-20,smart_onboarding_v1
U000233,smart_onboarding,2026-03-06,smart_onboarding_v1
U000234,control,2026-04-04,smart_onboarding_v1
U000235,smart_onboarding,2026-04-08,smart_onboarding_v1
U000236,control,2026-02-20,smart_onboarding_v1
U000237,smart_onboarding,2026-06-03,smart_onboarding_v1
U000238,smart_onboarding,2026-03-01,smart_onboarding_v1
U000239,control,2026-05-01,smart_onboarding_v1
U000240,control,2026-05-23,smart_onboarding_v1
U000241,smart_onboarding,2026-03-23,smart_onboarding_v1
U000242,smart_onboarding,2026-02-10,smart_onboarding_v1
U000243,smart_onboarding,2026-04-04,smart_onboarding_v1
U000244,control,2026-01-25,smart_onboarding_v1
U000245,control,2026-02-14,smart_onboarding_v1
U000246,smart_onboarding,2026-05-17,smart_onboarding_v1
U000247,control,2026-02-23,smart_onboarding_v1
U000248,control,2026-04-27,smart_onboarding_v1
U000249,control,2026-01-18,smart_onboarding_v1
U000250,smart_onboarding,2026-03-20,smart_onboarding_v1
U000251,smart_onboarding,2026-05-09,smart_onboarding_v1
U000252,control,2026-04-09,smart_onboarding_v1
U000253,smart_onboarding,2026-06-24,smart_onboarding_v1
U000254,control,2026-05-23,smart_onboarding_v1
U000255,smart_onboarding,2026-01-05,smart_onboarding_v1
U000256,smart_onboarding,2026-05-05,smart_onboarding_v1
U000257,smart_onboarding,2026-03-29,smart_onboarding_v1
U000258,control,2026-05-07,smart_onboarding_v1
U000259,control,2026-01-23,smart_onboarding_v1
U000260,control,2026-01-02,smart_onboarding_v1
U000261,control,2026-02-22,smart_onboarding_v1
U000262,control,2026-03-18,smart_onboarding_v1
U000263,control,2026-02-03,smart_onboarding_v1
U000264,control,2026-03-27,smart_onboarding_v1
U000265,smart_onboarding,2026-05-08,smart_onboarding_v1
U000266,control,2026-06-27,smart_onboarding_v1
U000267,smart_onboarding,2026-04-03,smart_onboarding_v1
U000268,control,2026-06-19,smart_onboarding_v1
U000269,smart_onboarding,2026-03-18,smart_onboarding_v1
U000270,smart_onboarding,2026-02-02,smart_onboarding_v1
U000271,control,2026-01-07,smart_onboarding_v1
U000272,control,2026-01-13,smart_onboarding_v1
U000273,smart_onboarding,2026-01-28,smart_onboarding_v1
U000274,control,2026-04-15,smart_onboarding_v1
U000275,control,2026-02-20,smart_onboarding_v1
U000276,control,2026-04-11,smart_onboarding_v1
U000277,smart_onboarding,2026-05-27,smart_onboarding_v1
U000278,control,2026-04-08,smart_onboarding_v1
U000279,smart_onboarding,2026-02-24,smart_onboarding_v1
U000280,smart_onboarding,2026-06-18,smart_onboarding_v1
U000281,control,2026-04-26,smart_onboarding_v1
U000282,control,2026-03-21,smart_onboarding_v1
U000283,control,2026-04-10,smart_onboarding_v1
U000284,control,2026-06-07,smart_onboarding_v1
U000285,control,2026-05-17,smart_onboarding_v1
U000286,smart_onboarding,2026-02-11,smart_onboarding_v1
U000287,control,2026-01-17,smart_onboarding_v1
U000288,control,2026-03-20,smart_onboarding_v1
U000289,control,2026-05-14,smart_onboarding_v1
U000290,control,2026-07-01,smart_onboarding_v1
U000291,smart_onboarding,2026-04-07,smart_onboarding_v1
U000292,smart_onboarding,2026-01-12,smart_onboarding_v1
U000293,control,2026-05-24,smart_onboarding_v1
U000294,smart_onboarding,2026-05-22,smart_onboarding_v1
U000295,control,2026-01-29,smart_onboarding_v1
U000296,control,2026-02-01,smart_onboarding_v1
U000297,control,2026-06-12,smart_onboarding_v1
U000298,control,2026-03-19,smart_onboarding_v1
U000299,smart_onboarding,2026-06-16,smart_onboarding_v1
U000300,smart_onboarding,2026-05-03,smart_onboarding_v1
U000301,control,2026-04-09,smart_onboarding_v1
U000302,control,2026-04-09,smart_onboarding_v1
U000303,smart_onboarding,2026-03-17,smart_onboarding_v1
U000304,control,2026-01-04,smart_onboarding_v1
U000305,smart_onboarding,2026-06-10,smart_onboarding_v1
U000306,smart_onboarding,2026-03-19,smart_onboarding_v1
U000307,smart_onboarding,2026-04-25,smart_onboarding_v1
U000308,control,2026-03-13,smart_onboarding_v1
U000309,smart_onboarding,2026-02-04,smart_onboarding_v1
U000310,smart_onboarding,2026-05-30,smart_onboarding_v1
U000311,control,2026-05-08,smart_onboarding_v1
U000312,control,2026-06-06,smart_onboarding_v1
U000313,smart_onboarding,2026-04-25,smart_onboarding_v1
U000314,smart_onboarding,2026-06-23,smart_onboarding_v1
U000315,control,2026-02-06,smart_onboarding_v1
U000316,control,2026-02-23,smart_onboarding_v1
U000317,control,2026-05-01,smart_onboarding_v1
U000318,smart_onboarding,2026-04-15,smart_onboarding_v1
U000319,control,2026-05-04,smart_onboarding_v1
U000320,smart_onboarding,2026-04-30,smart_onboarding_v1
U000321,control,2026-03-31,smart_onboarding_v1
U000322,smart_onboarding,2026-02-14,smart_onboarding_v1
U000323,smart_onboarding,2026-03-30,smart_onboarding_v1
U000324,smart_onboarding,2026-04-15,smart_onboarding_v1
U000325,control,2026-02-22,smart_onboarding_v1
U000326,control,2026-04-04,smart_onboarding_v1
U000327,smart_onboarding,2026-04-02,smart_onboarding_v1
U000328,control,2026-02-20,smart_onboarding_v1
U000329,smart_onboarding,2026-03-11,smart_onboarding_v1
U000330,control,2026-01-14,smart_onboarding_v1
U000331,smart_onboarding,2026-02-23,smart_onboarding_v1
U000332,smart_onboarding,2026-05-11,smart_onboarding_v1
U000333,control,2026-01-24,smart_onboarding_v1
U000334,control,2026-02-03,smart_onboarding_v1
U000335,smart_onboarding,2026-03-28,smart_onboarding_v1
U000336,control,2026-05-03,smart_onboarding_v1
U000337,control,2026-05-17,smart_onboarding_v1
U000338,control,2026-06-12,smart_onboarding_v1
U000339,control,2026-01-26,smart_onboarding_v1
U000340,control,2026-06-30,smart_onboarding_v1
U000341,smart_onboarding,2026-01-11,smart_onboarding_v1
U000342,smart_onboarding,2026-01-21,smart_onboarding_v1
U000343,smart_onboarding,2026-04-13,smart_onboarding_v1
U000344,control,2026-05-27,smart_onboarding_v1
U000345,smart_onboarding,2026-05-03,smart_onboarding_v1
U000346,control,2026-06-22,smart_onboarding_v1
U000347,smart_onboarding,2026-05-22,smart_onboarding_v1
U000348,smart_onboarding,2026-01-12,smart_onboarding_v1
U000349,control,2026-04-09,smart_onboarding_v1
U000350,smart_onboarding,2026-02-27,smart_onboarding_v1
U000351,smart_onboarding,2026-02-13,smart_onboarding_v1
U000352,control,2026-03-20,smart_onboarding_v1
U000353,smart_onboarding,2026-02-03,smart_onboarding_v1
U000354,control,2026-02-25,smart_onboarding_v1
U000355,control,2026-02-02,smart_onboarding_v1
U000356,control,2026-04-23,smart_onboarding_v1
U000357,smart_onboarding,2026-05-09,smart_onboarding_v1
U000358,control,2026-04-30,smart_onboarding_v1
U000359,control,2026-03-06,smart_onboarding_v1
U000360,smart_onboarding,2026-02-19,smart_onboarding_v1
U000361,smart_onboarding,2026-02-27,smart_onboarding_v1
U000362,control,2026-04-01,smart_onboarding_v1
U000363,control,2026-04-09,smart_onboarding_v1
U000364,smart_onboarding,2026-03-11,smart_onboarding_v1
U000365,control,2026-01-23,smart_onboarding_v1
U000366,smart_onboarding,2026-06-26,smart_onboarding_v1
U000367,control,2026-06-10,smart_onboarding_v1
U000368,smart_onboarding,2026-06-22,smart_onboarding_v1
U000369,control,2026-02-23,smart_onboarding_v1
U000370,control,2026-05-05,smart_onboarding_v1
U000371,smart_onboarding,2026-01-15,smart_onboarding_v1
U000372,control,2026-01-15,smart_onboarding_v1
U000373,control,2026-07-01,smart_onboarding_v1
U000374,control,2026-05-18,smart_onboarding_v1
U000375,control,2026-05-24,smart_onboarding_v1
U000376,control,2026-01-14,smart_onboarding_v1
U000377,smart_onboarding,2026-06-16,smart_onboarding_v1
U000378,smart_onboarding,2026-02-01,smart_onboarding_v1
U000379,control,2026-02-23,smart_onboarding_v1
U000380,control,2026-01-26,smart_onboarding_v1
U000381,control,2026-04-03,smart_onboarding_v1
U000382,smart_onboarding,2026-03-25,smart_onboarding_v1
U000383,smart_onboarding,2026-03-26,smart_onboarding_v1
U000384,smart_onboarding,2026-01-08,smart_onboarding_v1
U000385,smart_onboarding,2026-01-02,smart_onboarding_v1
U000386,smart_onboarding,2026-03-04,smart_onboarding_v1
U000387,smart_onboarding,2026-03-06,smart_onboarding_v1
U000388,control,2026-06-22,smart_onboarding_v1
U000389,smart_onboarding,2026-02-16,smart_onboarding_v1
U000390,control,2026-06-11,smart_onboarding_v1
U000391,smart_onboarding,2026-05-20,smart_onboarding_v1
U000392,control,2026-01-27,smart_onboarding_v1
U000393,control,2026-06-28,smart_onboarding_v1
U000394,smart_onboarding,2026-01-09,smart_onboarding_v1
U000395,smart_onboarding,2026-02-27,smart_onboarding_v1
U000396,smart_onboarding,2026-03-06,smart_onboarding_v1
U000397,control,2026-05-16,smart_onboarding_v1
U000398,smart_onboarding,2026-04-25,smart_onboarding_v1
U000399,smart_onboarding,2026-04-22,smart_onboarding_v1
U000400,smart_onboarding,2026-05-09,smart_onboarding_v1
U000401,control,2026-03-25,smart_onboarding_v1
U000402,control,2026-04-30,smart_onboarding_v1
U000403,smart_onboarding,2026-01-11,smart_onboarding_v1
U000404,control,2026-02-02,smart_onboarding_v1
U000405,control,2026-06-29,smart_onboarding_v1
U000406,control,2026-06-17,smart_onboarding_v1
U000407,smart_onboarding,2026-01-17,smart_onboarding_v1
U000408,control,2026-05-27,smart_onboarding_v1
U000409,smart_onboarding,2026-05-14,smart_onboarding_v1
U000410,smart_onboarding,2026-04-01,smart_onboarding_v1
U000411,smart_onboarding,2026-02-08,smart_onboarding_v1
U000412,control,2026-01-02,smart_onboarding_v1
U000413,control,2026-04-15,smart_onboarding_v1
U000414,control,2026-03-03,smart_onboarding_v1
U000415,smart_onboarding,2026-05-24,smart_onboarding_v1
U000416,control,2026-05-19,smart_onboarding_v1
U000417,smart_onboarding,2026-01-20,smart_onboarding_v1
U000418,smart_onboarding,2026-03-15,smart_onboarding_v1
U000419,smart_onboarding,2026-02-15,smart_onboarding_v1
U000420,control,2026-04-02,smart_onboarding_v1
U000421,control,2026-02-28,smart_onboarding_v1
U000422,control,2026-04-29,smart_onboarding_v1
U000423,smart_onboarding,2026-05-12,smart_onboarding_v1
U000424,control,2026-02-06,smart_onboarding_v1
U000425,smart_onboarding,2026-04-19,smart_onboarding_v1
U000426,smart_onboarding,2026-01-13,smart_onboarding_v1
U000427,smart_onboarding,2026-03-06,smart_onboarding_v1
U000428,smart_onboarding,2026-03-19,smart_onboarding_v1
U000429,control,2026-06-06,smart_onboarding_v1
U000430,smart_onboarding,2026-06-15,smart_onboarding_v1
U000431,control,2026-01-05,smart_onboarding_v1
U000432,smart_onboarding,2026-01-27,smart_onboarding_v1
U000433,control,2026-01-06,smart_onboarding_v1
U000434,smart_onboarding,2026-05-06,smart_onboarding_v1
U000435,smart_onboarding,2026-01-25,smart_onboarding_v1
U000436,control,2026-03-14,smart_onboarding_v1
U000437,smart_onboarding,2026-04-07,smart_onboarding_v1
U000438,control,2026-05-24,smart_onboarding_v1
U000439,smart_onboarding,2026-04-20,smart_onboarding_v1
U000440,control,2026-01-02,smart_onboarding_v1
U000441,control,2026-03-04,smart_onboarding_v1
U000442,smart_onboarding,2026-04-25,smart_onboarding_v1
U000443,smart_onboarding,2026-01-01,smart_onboarding_v1
U000444,smart_onboarding,2026-01-08,smart_onboarding_v1
U000445,control,2026-03-12,smart_onboarding_v1
U000446,smart_onboarding,2026-01-04,smart_onboarding_v1
U000447,smart_onboarding,2026-04-07,smart_onboarding_v1
U000448,smart_onboarding,2026-04-10,smart_onboarding_v1
U000449,smart_onboarding,2026-02-28,smart_onboarding_v1
U000450,control,2026-02-11,smart_onboarding_v1
U000451,smart_onboarding,2026-06-08,smart_onboarding_v1
U000452,smart_onboarding,2026-06-15,smart_onboarding_v1
U000453,smart_onboarding,2026-06-30,smart_onboarding_v1
U000454,control,2026-06-05,smart_onboarding_v1
U000455,smart_onboarding,2026-02-28,smart_onboarding_v1
U000456,control,2026-01-11,smart_onboarding_v1
U000457,smart_onboarding,2026-06-18,smart_onboarding_v1
U000458,smart_onboarding,2026-02-20,smart_onboarding_v1
U000459,smart_onboarding,2026-04-25,smart_onboarding_v1
U000460,control,2026-03-16,smart_onboarding_v1
U000461,smart_onboarding,2026-06-12,smart_onboarding_v1
U000462,control,2026-06-16,smart_onboarding_v1
U000463,smart_onboarding,2026-05-03,smart_onboarding_v1
U000464,control,2026-05-07,smart_onboarding_v1
U000465,control,2026-04-08,smart_onboarding_v1
U000466,control,2026-06-19,smart_onboarding_v1
U000467,smart_onboarding,2026-05-12,smart_onboarding_v1
U000468,control,2026-05-10,smart_onboarding_v1
U000469,control,2026-02-08,smart_onboarding_v1
U000470,smart_onboarding,2026-05-16,smart_onboarding_v1
U000471,control,2026-02-16,smart_onboarding_v1
U000472,smart_onboarding,2026-03-05,smart_onboarding_v1
U000473,smart_onboarding,2026-01-02,smart_onboarding_v1
U000474,smart_onboarding,2026-06-18,smart_onboarding_v1
U000475,control,2026-06-07,smart_onboarding_v1
U000476,control,2026-02-11,smart_onboarding_v1
U000477,smart_onboarding,2026-03-24,smart_onboarding_v1
U000478,control,2026-01-23,smart_onboarding_v1
U000479,control,2026-05-18,smart_onboarding_v1
U000480,control,2026-02-26,smart_onboarding_v1
U000481,control,2026-01-28,smart_onboarding_v1
U000482,smart_onboarding,2026-04-22,smart_onboarding_v1
U000483,control,2026-06-15,smart_onboarding_v1
U000484,smart_onboarding,2026-06-15,smart_onboarding_v1
U000485,smart_onboarding,2026-02-18,smart_onboarding_v1
U000486,smart_onboarding,2026-06-15,smart_onboarding_v1
U000487,control,2026-03-07,smart_onboarding_v1
U000488,smart_onboarding,2026-04-11,smart_onboarding_v1
U000489,control,2026-02-24,smart_onboarding_v1
U000490,control,2026-01-28,smart_onboarding_v1
U000491,control,2026-03-10,smart_onboarding_v1
U000492,smart_onboarding,2026-04-26,smart_onboarding_v1
U000493,smart_onboarding,2026-03-18,smart_onboarding_v1
U000494,control,2026-04-02,smart_onboarding_v1
U000495,control,2026-03-13,smart_onboarding_v1
U000496,control,2026-02-12,smart_onboarding_v1
U000497,control,2026-04-15,smart_onboarding_v1
U000498,smart_onboarding,2026-05-12,smart_onboarding_v1
U000499,control,2026-02-11,smart_onboarding_v1
U000500,smart_onboarding,2026-03-03,smart_onboarding_v1
U000501,smart_onboarding,2026-01-23,smart_onboarding_v1
U000502,control,2026-05-20,smart_onboarding_v1
U000503,control,2026-05-26,smart_onboarding_v1
U000504,control,2026-05-29,smart_onboarding_v1
U000505,control,2026-06-12,smart_onboarding_v1
U000506,control,2026-04-23,smart_onboarding_v1
U000507,smart_onboarding,2026-01-16,smart_onboarding_v1
U000508,smart_onboarding,2026-05-07,smart_onboarding_v1
U000509,smart_onboarding,2026-03-23,smart_onboarding_v1
U000510,control,2026-02-24,smart_onboarding_v1
U000511,smart_onboarding,2026-05-29,smart_onboarding_v1
U000512,control,2026-06-04,smart_onboarding_v1
U000513,smart_onboarding,2026-01-02,smart_onboarding_v1
U000514,smart_onboarding,2026-02-10,smart_onboarding_v1
U000515,control,2026-02-18,smart_onboarding_v1
U000516,smart_onboarding,2026-06-29,smart_onboarding_v1
U000517,control,2026-03-28,smart_onboarding_v1
U000518,smart_onboarding,2026-01-17,smart_onboarding_v1
U000519,control,2026-04-01,smart_onboarding_v1
U000520,smart_onboarding,2026-02-26,smart_onboarding_v1
U000521,control,2026-05-19,smart_onboarding_v1
U000522,control,2026-03-25,smart_onboarding_v1
U000523,smart_onboarding,2026-03-13,smart_onboarding_v1
U000524,control,2026-03-27,smart_onboarding_v1
U000525,smart_onboarding,2026-04-24,smart_onboarding_v1
U000526,smart_onboarding,2026-03-04,smart_onboarding_v1
U000527,smart_onboarding,2026-04-12,smart_onboarding_v1
U000528,smart_onboarding,2026-07-01,smart_onboarding_v1
U000529,smart_onboarding,2026-02-12,smart_onboarding_v1
U000530,control,2026-06-13,smart_onboarding_v1
U000531,control,2026-02-19,smart_onboarding_v1
U000532,control,2026-06-29,smart_onboarding_v1
U000533,control,2026-04-11,smart_onboarding_v1
U000534,smart_onboarding,2026-05-02,smart_onboarding_v1
U000535,control,2026-06-25,smart_onboarding_v1
U000536,smart_onboarding,2026-02-26,smart_onboarding_v1
U000537,control,2026-03-29,smart_onboarding_v1
U000538,smart_onboarding,2026-04-08,smart_onboarding_v1
U000539,smart_onboarding,2026-03-06,smart_onboarding_v1
U000540,smart_onboarding,2026-02-11,smart_onboarding_v1
U000541,smart_onboarding,2026-05-07,smart_onboarding_v1
U000542,smart_onboarding,2026-03-13,smart_onboarding_v1
U000543,smart_onboarding,2026-01-29,smart_onboarding_v1
U000544,smart_onboarding,2026-06-09,smart_onboarding_v1
U000545,smart_onboarding,2026-01-07,smart_onboarding_v1
U000546,smart_onboarding,2026-02-14,smart_onboarding_v1
U000547,control,2026-02-07,smart_onboarding_v1
U000548,control,2026-05-01,smart_onboarding_v1
U000549,control,2026-05-21,smart_onboarding_v1
U000550,smart_onboarding,2026-06-27,smart_onboarding_v1
U000551,smart_onboarding,2026-05-07,smart_onboarding_v1
U000552,control,2026-03-19,smart_onboarding_v1
U000553,smart_onboarding,2026-03-15,smart_onboarding_v1
U000554,smart_onboarding,2026-04-01,smart_onboarding_v1
U000555,smart_onboarding,2026-04-16,smart_onboarding_v1
U000556,control,2026-02-05,smart_onboarding_v1
U000557,control,2026-03-04,smart_onboarding_v1
U000558,smart_onboarding,2026-02-07,smart_onboarding_v1
U000559,control,2026-02-14,smart_onboarding_v1
U000560,control,2026-02-21,smart_onboarding_v1
U000561,smart_onboarding,2026-04-09,smart_onboarding_v1
U000562,control,2026-06-06,smart_onboarding_v1
U000563,control,2026-03-27,smart_onboarding_v1
U000564,smart_onboarding,2026-04-02,smart_onboarding_v1
U000565,smart_onboarding,2026-03-29,smart_onboarding_v1
U000566,smart_onboarding,2026-05-12,smart_onboarding_v1
U000567,smart_onboarding,2026-06-22,smart_onboarding_v1
U000568,smart_onboarding,2026-04-20,smart_onboarding_v1
U000569,control,2026-01-24,smart_onboarding_v1
U000570,control,2026-01-07,smart_onboarding_v1
U000571,control,2026-05-01,smart_onboarding_v1
U000572,control,2026-03-20,smart_onboarding_v1
U000573,control,2026-03-06,smart_onboarding_v1
U000574,smart_onboarding,2026-02-18,smart_onboarding_v1
U000575,smart_onboarding,2026-04-28,smart_onboarding_v1
U000576,control,2026-01-04,smart_onboarding_v1
U000577,control,2026-04-06,smart_onboarding_v1
U000578,smart_onboarding,2026-02-14,smart_onboarding_v1
U000579,smart_onboarding,2026-06-15,smart_onboarding_v1
U000580,smart_onboarding,2026-03-08,smart_onboarding_v1
U000581,control,2026-05-11,smart_onboarding_v1
U000582,control,2026-02-23,smart_onboarding_v1
U000583,smart_onboarding,2026-06-25,smart_onboarding_v1
U000584,smart_onboarding,2026-03-21,smart_onboarding_v1
U000585,smart_onboarding,2026-02-27,smart_onboarding_v1
U000586,control,2026-04-01,smart_onboarding_v1
U000587,smart_onboarding,2026-05-08,smart_onboarding_v1
U000588,smart_onboarding,2026-04-16,smart_onboarding_v1
U000589,control,2026-06-26,smart_onboarding_v1
U000590,control,2026-03-14,smart_onboarding_v1
U000591,smart_onboarding,2026-04-22,smart_onboarding_v1
U000592,smart_onboarding,2026-02-01,smart_onboarding_v1
U000593,smart_onboarding,2026-06-04,smart_onboarding_v1
U000594,control,2026-06-25,smart_onboarding_v1
U000595,smart_onboarding,2026-04-06,smart_onboarding_v1
U000596,smart_onboarding,2026-03-27,smart_onboarding_v1
U000597,control,2026-03-22,smart_onboarding_v1
U000598,smart_onboarding,2026-03-01,smart_onboarding_v1
U000599,smart_onboarding,2026-03-02,smart_onboarding_v1
U000600,smart_onboarding,2026-02-27,smart_onboarding_v1
U000601,control,2026-04-30,smart_onboarding_v1
U000602,smart_onboarding,2026-06-21,smart_onboarding_v1
U000603,control,2026-04-24,smart_onboarding_v1
U000604,smart_onboarding,2026-04-04,smart_onboarding_v1
U000605,smart_onboarding,2026-05-01,smart_onboarding_v1
U000606,smart_onboarding,2026-05-25,smart_onboarding_v1
U000607,smart_onboarding,2026-01-29,smart_onboarding_v1
U000608,control,2026-03-14,smart_onboarding_v1
U000609,smart_onboarding,2026-06-15,smart_onboarding_v1
U000610,control,2026-04-24,smart_onboarding_v1
U000611,control,2026-05-08,smart_onboarding_v1
U000612,smart_onboarding,2026-01-20,smart_onboarding_v1
U000613,control,2026-05-23,smart_onboarding_v1
U000614,smart_onboarding,2026-02-14,smart_onboarding_v1
U000615,control,2026-02-10,smart_onboarding_v1
U000616,control,2026-05-27,smart_onboarding_v1
U000617,smart_onboarding,2026-04-18,smart_onboarding_v1
U000618,smart_onboarding,2026-05-20,smart_onboarding_v1
U000619,control,2026-03-01,smart_onboarding_v1
U000620,control,2026-02-01,smart_onboarding_v1
U000621,smart_onboarding,2026-04-22,smart_onboarding_v1
U000622,control,2026-03-24,smart_onboarding_v1
U000623,smart_onboarding,2026-02-13,smart_onboarding_v1
U000624,control,2026-06-28,smart_onboarding_v1
U000625,smart_onboarding,2026-01-29,smart_onboarding_v1
U000626,smart_onboarding,2026-05-14,smart_onboarding_v1
U000627,smart_onboarding,2026-03-04,smart_onboarding_v1
U000628,control,2026-04-18,smart_onboarding_v1
U000629,smart_onboarding,2026-02-28,smart_onboarding_v1
U000630,smart_onboarding,2026-02-09,smart_onboarding_v1
U000631,control,2026-06-20,smart_onboarding_v1
U000632,smart_onboarding,2026-04-27,smart_onboarding_v1
U000633,smart_onboarding,2026-03-23,smart_onboarding_v1
U000634,smart_onboarding,2026-06-17,smart_onboarding_v1
U000635,control,2026-02-09,smart_onboarding_v1
U000636,control,2026-05-27,smart_onboarding_v1
U000637,smart_onboarding,2026-03-12,smart_onboarding_v1
U000638,control,2026-04-04,smart_onboarding_v1
U000639,control,2026-04-01,smart_onboarding_v1
U000640,smart_onboarding,2026-03-22,smart_onboarding_v1
U000641,control,2026-05-18,smart_onboarding_v1
U000642,control,2026-01-31,smart_onboarding_v1
U000643,smart_onboarding,2026-01-25,smart_onboarding_v1
U000644,smart_onboarding,2026-03-15,smart_onboarding_v1
U000645,control,2026-04-16,smart_onboarding_v1
U000646,smart_onboarding,2026-06-06,smart_onboarding_v1
U000647,smart_onboarding,2026-02-07,smart_onboarding_v1
U000648,smart_onboarding,2026-02-03,smart_onboarding_v1
U000649,control,2026-05-16,smart_onboarding_v1
U000650,control,2026-06-10,smart_onboarding_v1
U000651,control,2026-03-09,smart_onboarding_v1
U000652,control,2026-04-04,smart_onboarding_v1
U000653,smart_onboarding,2026-06-18,smart_onboarding_v1
U000654,smart_onboarding,2026-05-30,smart_onboarding_v1
U000655,smart_onboarding,2026-02-04,smart_onboarding_v1
U000656,smart_onboarding,2026-04-07,smart_onboarding_v1
U000657,control,2026-05-12,smart_onboarding_v1
U000658,smart_onboarding,2026-06-10,smart_onboarding_v1
U000659,smart_onboarding,2026-04-18,smart_onboarding_v1
U000660,control,2026-03-23,smart_onboarding_v1
U000661,smart_onboarding,2026-01-13,smart_onboarding_v1
U000662,control,2026-02-03,smart_onboarding_v1
U000663,smart_onboarding,2026-06-24,smart_onboarding_v1
U000664,smart_onboarding,2026-06-25,smart_onboarding_v1
U000665,smart_onboarding,2026-03-10,smart_onboarding_v1
U000666,control,2026-03-17,smart_onboarding_v1
U000667,smart_onboarding,2026-06-12,smart_onboarding_v1
U000668,smart_onboarding,2026-03-08,smart_onboarding_v1
U000669,control,2026-06-02,smart_onboarding_v1
U000670,control,2026-02-10,smart_onboarding_v1
U000671,control,2026-05-17,smart_onboarding_v1
U000672,smart_onboarding,2026-04-18,smart_onboarding_v1
U000673,smart_onboarding,2026-05-07,smart_onboarding_v1
U000674,smart_onboarding,2026-01-12,smart_onboarding_v1
U000675,control,2026-02-23,smart_onboarding_v1
U000676,smart_onboarding,2026-05-30,smart_onboarding_v1
U000677,smart_onboarding,2026-05-28,smart_onboarding_v1
U000678,smart_onboarding,2026-04-30,smart_onboarding_v1
U000679,control,2026-07-01,smart_onboarding_v1
U000680,smart_onboarding,2026-03-29,smart_onboarding_v1
U000681,control,2026-02-20,smart_onboarding_v1
U000682,smart_onboarding,2026-06-04,smart_onboarding_v1
U000683,smart_onboarding,2026-03-22,smart_onboarding_v1
U000684,control,2026-02-06,smart_onboarding_v1
U000685,smart_onboarding,2026-05-28,smart_onboarding_v1
U000686,control,2026-04-13,smart_onboarding_v1
U000687,smart_onboarding,2026-04-16,smart_onboarding_v1
U000688,smart_onboarding,2026-03-31,smart_onboarding_v1
U000689,control,2026-06-11,smart_onboarding_v1
U000690,control,2026-04-28,smart_onboarding_v1
U000691,control,2026-05-05,smart_onboarding_v1
U000692,control,2026-02-27,smart_onboarding_v1
U000693,control,2026-04-05,smart_onboarding_v1
U000694,control,2026-02-25,smart_onboarding_v1
U000695,control,2026-04-28,smart_onboarding_v1
U000696,smart_onboarding,2026-04-08,smart_onboarding_v1
U000697,control,2026-03-17,smart_onboarding_v1
U000698,smart_onboarding,2026-05-31,smart_onboarding_v1
U000699,smart_onboarding,2026-06-26,smart_onboarding_v1
U000700,control,2026-03-23,smart_onboarding_v1
U000701,smart_onboarding,2026-02-03,smart_onboarding_v1
U000702,smart_onboarding,2026-06-06,smart_onboarding_v1
U000703,smart_onboarding,2026-02-17,smart_onboarding_v1
U000704,smart_onboarding,2026-04-07,smart_onboarding_v1
U000705,control,2026-02-11,smart_onboarding_v1
U000706,control,2026-05-19,smart_onboarding_v1
U000707,control,2026-03-09,smart_onboarding_v1
U000708,smart_onboarding,2026-02-11,smart_onboarding_v1
U000709,control,2026-05-23,smart_onboarding_v1
U000710,control,2026-03-03,smart_onboarding_v1
U000711,smart_onboarding,2026-06-26,smart_onboarding_v1
U000712,control,2026-04-05,smart_onboarding_v1
U000713,control,2026-06-29,smart_onboarding_v1
U000714,control,2026-04-11,smart_onboarding_v1
U000715,smart_onboarding,2026-02-09,smart_onboarding_v1
U000716,control,2026-01-17,smart_onboarding_v1
U000717,smart_onboarding,2026-04-13,smart_onboarding_v1
U000718,control,2026-05-05,smart_onboarding_v1
U000719,smart_onboarding,2026-01-31,smart_onboarding_v1
U000720,smart_onboarding,2026-05-08,smart_onboarding_v1
U000721,control,2026-02-18,smart_onboarding_v1
U000722,smart_onboarding,2026-06-25,smart_onboarding_v1
U000723,control,2026-04-11,smart_onboarding_v1
U000724,control,2026-02-06,smart_onboarding_v1
U000725,control,2026-04-18,smart_onboarding_v1
U000726,smart_onboarding,2026-04-25,smart_onboarding_v1
U000727,control,2026-01-28,smart_onboarding_v1
U000728,smart_onboarding,2026-04-17,smart_onboarding_v1
U000729,control,2026-04-15,smart_onboarding_v1
U000730,smart_onboarding,2026-05-15,smart_onboarding_v1
U000731,control,2026-06-14,smart_onboarding_v1
U000732,control,2026-06-25,smart_onboarding_v1
U000733,smart_onboarding,2026-01-24,smart_onboarding_v1
U000734,smart_onboarding,2026-06-20,smart_onboarding_v1
U000735,control,2026-02-06,smart_onboarding_v1
U000736,control,2026-06-24,smart_onboarding_v1
U000737,control,2026-05-28,smart_onboarding_v1
U000738,smart_onboarding,2026-06-27,smart_onboarding_v1
U000739,smart_onboarding,2026-03-02,smart_onboarding_v1
U000740,smart_onboarding,2026-02-28,smart_onboarding_v1
U000741,smart_onboarding,2026-02-18,smart_onboarding_v1
U000742,control,2026-03-21,smart_onboarding_v1
U000743,control,2026-03-04,smart_onboarding_v1
U000744,control,2026-06-20,smart_onboarding_v1
U000745,smart_onboarding,2026-06-13,smart_onboarding_v1
U000746,smart_onboarding,2026-03-16,smart_onboarding_v1
U000747,control,2026-01-20,smart_onboarding_v1
U000748,smart_onboarding,2026-03-08,smart_onboarding_v1
U000749,smart_onboarding,2026-02-28,smart_onboarding_v1
U000750,smart_onboarding,2026-05-29,smart_onboarding_v1
U000751,smart_onboarding,2026-06-18,smart_onboarding_v1
U000752,smart_onboarding,2026-06-29,smart_onboarding_v1
U000753,smart_onboarding,2026-06-26,smart_onboarding_v1
U000754,control,2026-03-27,smart_onboarding_v1
U000755,control,2026-04-01,smart_onboarding_v1
U000756,smart_onboarding,2026-04-13,smart_onboarding_v1
U000757,smart_onboarding,2026-03-08,smart_onboarding_v1
U000758,control,2026-01-31,smart_onboarding_v1
U000759,smart_onboarding,2026-04-24,smart_onboarding_v1
U000760,smart_onboarding,2026-05-08,smart_onboarding_v1
U000761,smart_onboarding,2026-05-30,smart_onboarding_v1
U000762,smart_onboarding,2026-06-06,smart_onboarding_v1
U000763,control,2026-02-14,smart_onboarding_v1
U000764,control,2026-05-31,smart_onboarding_v1
U000765,control,2026-02-26,smart_onboarding_v1
U000766,control,2026-04-02,smart_onboarding_v1
U000767,control,2026-05-04,smart_onboarding_v1
U000768,control,2026-01-30,smart_onboarding_v1
U000769,smart_onboarding,2026-05-20,smart_onboarding_v1
U000770,control,2026-03-15,smart_onboarding_v1
U000771,smart_onboarding,2026-04-23,smart_onboarding_v1
U000772,control,2026-03-13,smart_onboarding_v1
U000773,smart_onboarding,2026-04-11,smart_onboarding_v1
U000774,smart_onboarding,2026-04-25,smart_onboarding_v1
U000775,smart_onboarding,2026-03-13,smart_onboarding_v1
U000776,control,2026-02-09,smart_onboarding_v1
U000777,smart_onboarding,2026-06-29,smart_onboarding_v1
U000778,control,2026-03-18,smart_onboarding_v1
U000779,smart_onboarding,2026-06-17,smart_onboarding_v1
U000780,control,2026-04-14,smart_onboarding_v1
U000781,smart_onboarding,2026-02-02,smart_onboarding_v1
U000782,smart_onboarding,2026-02-16,smart_onboarding_v1
U000783,smart_onboarding,2026-03-26,smart_onboarding_v1
U000784,smart_onboarding,2026-02-01,smart_onboarding_v1
U000785,smart_onboarding,2026-02-15,smart_onboarding_v1
U000786,smart_onboarding,2026-05-25,smart_onboarding_v1
U000787,smart_onboarding,2026-05-19,smart_onboarding_v1
U000788,control,2026-03-12,smart_onboarding_v1
U000789,smart_onboarding,2026-05-13,smart_onboarding_v1
U000790,smart_onboarding,2026-06-30,smart_onboarding_v1
U000791,smart_onboarding,2026-06-08,smart_onboarding_v1
U000792,smart_onboarding,2026-02-23,smart_onboarding_v1
U000793,control,2026-06-22,smart_onboarding_v1
U000794,smart_onboarding,2026-06-08,smart_onboarding_v1
U000795,smart_onboarding,2026-03-17,smart_onboarding_v1
U000796,control,2026-01-31,smart_onboarding_v1
U000797,smart_onboarding,2026-02-12,smart_onboarding_v1
U000798,smart_onboarding,2026-01-22,smart_onboarding_v1
U000799,smart_onboarding,2026-02-16,smart_onboarding_v1
U000800,control,2026-05-12,smart_onboarding_v1
U000801,control,2026-05-02,smart_onboarding_v1
U000802,control,2026-06-09,smart_onboarding_v1
U000803,smart_onboarding,2026-04-19,smart_onboarding_v1
U000804,smart_onboarding,2026-06-30,smart_onboarding_v1
U000805,control,2026-03-31,smart_onboarding_v1
U000806,smart_onboarding,2026-01-31,smart_onboarding_v1
U000807,control,2026-06-19,smart_onboarding_v1
U000808,smart_onboarding,2026-06-14,smart_onboarding_v1
U000809,control,2026-05-10,smart_onboarding_v1
U000810,control,2026-06-21,smart_onboarding_v1
U000811,smart_onboarding,2026-03-03,smart_onboarding_v1
U000812,control,2026-04-20,smart_onboarding_v1
U000813,control,2026-01-09,smart_onboarding_v1
U000814,control,2026-05-28,smart_onboarding_v1
U000815,smart_onboarding,2026-05-27,smart_onboarding_v1
U000816,control,2026-04-01,smart_onboarding_v1
U000817,smart_onboarding,2026-01-31,smart_onboarding_v1
U000818,control,2026-02-17,smart_onboarding_v1
U000819,control,2026-05-24,smart_onboarding_v1
U000820,control,2026-04-28,smart_onboarding_v1
U000821,smart_onboarding,2026-04-17,smart_onboarding_v1
U000822,control,2026-06-16,smart_onboarding_v1
U000823,smart_onboarding,2026-01-06,smart_onboarding_v1
U000824,control,2026-05-08,smart_onboarding_v1
U000825,control,2026-02-26,smart_onboarding_v1
U000826,control,2026-01-18,smart_onboarding_v1
U000827,smart_onboarding,2026-05-23,smart_onboarding_v1
U000828,control,2026-03-23,smart_onboarding_v1
U000829,control,2026-06-29,smart_onboarding_v1
U000830,control,2026-05-03,smart_onboarding_v1
U000831,control,2026-01-16,smart_onboarding_v1
U000832,smart_onboarding,2026-06-24,smart_onboarding_v1
U000833,control,2026-05-23,smart_onboarding_v1
U000834,smart_onboarding,2026-03-28,smart_onboarding_v1
U000835,smart_onboarding,2026-01-15,smart_onboarding_v1
U000836,smart_onboarding,2026-03-27,smart_onboarding_v1
U000837,smart_onboarding,2026-02-23,smart_onboarding_v1
U000838,smart_onboarding,2026-05-19,smart_onboarding_v1
U000839,smart_onboarding,2026-04-29,smart_onboarding_v1
U000840,control,2026-01-04,smart_onboarding_v1
U000841,smart_onboarding,2026-03-02,smart_onboarding_v1
U000842,control,2026-04-24,smart_onboarding_v1
U000843,control,2026-06-20,smart_onboarding_v1
U000844,smart_onboarding,2026-06-19,smart_onboarding_v1
U000845,control,2026-06-19,smart_onboarding_v1
U000846,control,2026-03-29,smart_onboarding_v1
U000847,smart_onboarding,2026-03-06,smart_onboarding_v1
U000848,control,2026-03-22,smart_onboarding_v1
U000849,control,2026-03-09,smart_onboarding_v1
U000850,smart_onboarding,2026-03-24,smart_onboarding_v1
U000851,control,2026-01-08,smart_onboarding_v1
U000852,smart_onboarding,2026-04-05,smart_onboarding_v1
U000853,smart_onboarding,2026-02-03,smart_onboarding_v1
U000854,control,2026-04-20,smart_onboarding_v1
U000855,smart_onboarding,2026-03-08,smart_onboarding_v1
U000856,control,2026-02-24,smart_onboarding_v1
U000857,smart_onboarding,2026-03-15,smart_onboarding_v1
U000858,control,2026-06-15,smart_onboarding_v1
U000859,smart_onboarding,2026-05-04,smart_onboarding_v1
U000860,smart_onboarding,2026-01-12,smart_onboarding_v1
U000861,control,2026-04-02,smart_onboarding_v1
U000862,control,2026-05-25,smart_onboarding_v1
U000863,control,2026-01-24,smart_onboarding_v1
U000864,smart_onboarding,2026-05-30,smart_onboarding_v1
U000865,control,2026-03-16,smart_onboarding_v1
U000866,control,2026-03-26,smart_onboarding_v1
U000867,control,2026-05-10,smart_onboarding_v1
U000868,smart_onboarding,2026-01-26,smart_onboarding_v1
U000869,smart_onboarding,2026-03-27,smart_onboarding_v1
U000870,smart_onboarding,2026-03-28,smart_onboarding_v1
U000871,smart_onboarding,2026-02-27,smart_onboarding_v1
U000872,control,2026-03-01,smart_onboarding_v1
U000873,smart_onboarding,2026-03-01,smart_onboarding_v1
U000874,control,2026-02-13,smart_onboarding_v1
U000875,smart_onboarding,2026-02-22,smart_onboarding_v1
U000876,control,2026-04-17,smart_onboarding_v1
U000877,control,2026-03-05,smart_onboarding_v1
U000878,smart_onboarding,2026-04-26,smart_onboarding_v1
U000879,control,2026-05-17,smart_onboarding_v1
U000880,control,2026-06-04,smart_onboarding_v1
U000881,control,2026-03-02,smart_onboarding_v1
U000882,smart_onboarding,2026-02-13,smart_onboarding_v1
U000883,smart_onboarding,2026-06-24,smart_onboarding_v1
U000884,smart_onboarding,2026-04-29,smart_onboarding_v1
U000885,control,2026-01-11,smart_onboarding_v1
U000886,control,2026-04-07,smart_onboarding_v1
U000887,control,2026-02-02,smart_onboarding_v1
U000888,control,2026-05-24,smart_onboarding_v1
U000889,smart_onboarding,2026-06-17,smart_onboarding_v1
U000890,control,2026-05-04,smart_onboarding_v1
U000891,control,2026-05-19,smart_onboarding_v1
U000892,control,2026-03-02,smart_onboarding_v1
U000893,smart_onboarding,2026-06-24,smart_onboarding_v1
U000894,control,2026-02-22,smart_onboarding_v1
U000895,smart_onboarding,2026-04-27,smart_onboarding_v1
U000896,smart_onboarding,2026-05-22,smart_onboarding_v1
U000897,smart_onboarding,2026-05-10,smart_onboarding_v1
U000898,control,2026-05-01,smart_onboarding_v1
U000899,smart_onboarding,2026-05-07,smart_onboarding_v1
U000900,smart_onboarding,2026-04-22,smart_onboarding_v1
U000901,control,2026-05-06,smart_onboarding_v1
U000902,control,2026-03-03,smart_onboarding_v1
U000903,smart_onboarding,2026-05-12,smart_onboarding_v1
U000904,control,2026-06-23,smart_onboarding_v1
U000905,smart_onboarding,2026-04-09,smart_onboarding_v1
U000906,control,2026-04-12,smart_onboarding_v1
U000907,control,2026-05-22,smart_onboarding_v1
U000908,control,2026-05-18,smart_onboarding_v1
U000909,smart_onboarding,2026-05-28,smart_onboarding_v1
U000910,control,2026-06-07,smart_onboarding_v1
U000911,control,2026-02-27,smart_onboarding_v1
U000912,control,2026-04-16,smart_onboarding_v1
U000913,control,2026-01-10,smart_onboarding_v1
U000914,control,2026-06-11,smart_onboarding_v1
U000915,control,2026-03-22,smart_onboarding_v1
U000916,control,2026-04-24,smart_onboarding_v1
U000917,smart_onboarding,2026-01-07,smart_onboarding_v1
U000918,control,2026-03-29,smart_onboarding_v1
U000919,smart_onboarding,2026-06-22,smart_onboarding_v1
U000920,control,2026-04-19,smart_onboarding_v1
U000921,control,2026-05-22,smart_onboarding_v1
U000922,smart_onboarding,2026-06-20,smart_onboarding_v1
U000923,control,2026-04-30,smart_onboarding_v1
U000924,control,2026-01-23,smart_onboarding_v1
U000925,smart_onboarding,2026-04-15,smart_onboarding_v1
U000926,control,2026-04-17,smart_onboarding_v1
U000927,smart_onboarding,2026-05-21,smart_onboarding_v1
U000928,smart_onboarding,2026-02-08,smart_onboarding_v1
U000929,control,2026-03-16,smart_onboarding_v1
U000930,control,2026-04-19,smart_onboarding_v1
U000931,control,2026-01-07,smart_onboarding_v1
U000932,smart_onboarding,2026-03-17,smart_onboarding_v1
U000933,control,2026-06-07,smart_onboarding_v1
U000934,smart_onboarding,2026-06-23,smart_onboarding_v1
U000935,control,2026-01-18,smart_onboarding_v1
U000936,smart_onboarding,2026-03-21,smart_onboarding_v1
U000937,smart_onboarding,2026-05-29,smart_onboarding_v1
U000938,smart_onboarding,2026-01-06,smart_onboarding_v1
U000939,control,2026-06-04,smart_onboarding_v1
U000940,control,2026-06-20,smart_onboarding_v1
U000941,control,2026-01-21,smart_onboarding_v1
U000942,smart_onboarding,2026-02-25,smart_onboarding_v1
U000943,control,2026-06-22,smart_onboarding_v1
U000944,control,2026-05-17,smart_onboarding_v1
U000945,control,2026-03-27,smart_onboarding_v1
U000946,control,2026-01-16,smart_onboarding_v1
U000947,smart_onboarding,2026-02-10,smart_onboarding_v1
U000948,control,2026-03-20,smart_onboarding_v1
U000949,control,2026-03-04,smart_onboarding_v1
U000950,smart_onboarding,2026-02-03,smart_onboarding_v1
U000951,smart_onboarding,2026-02-12,smart_onboarding_v1
U000952,smart_onboarding,2026-05-06,smart_onboarding_v1
U000953,smart_onboarding,2026-05-12,smart_onboarding_v1
U000954,smart_onboarding,2026-03-26,smart_onboarding_v1
U000955,control,2026-04-04,smart_onboarding_v1
U000956,smart_onboarding,2026-04-29,smart_onboarding_v1
U000957,smart_onboarding,2026-05-12,smart_onboarding_v1
U000958,smart_onboarding,2026-03-28,smart_onboarding_v1
U000959,control,2026-01-07,smart_onboarding_v1
U000960,control,2026-05-05,smart_onboarding_v1
U000961,smart_onboarding,2026-05-08,smart_onboarding_v1
U000962,smart_onboarding,2026-05-01,smart_onboarding_v1
U000963,control,2026-05-12,smart_onboarding_v1
U000964,control,2026-05-22,smart_onboarding_v1
U000965,smart_onboarding,2026-01-01,smart_onboarding_v1
U000966,smart_onboarding,2026-04-19,smart_onboarding_v1
U000967,smart_onboarding,2026-01-08,smart_onboarding_v1
U000968,control,2026-04-04,smart_onboarding_v1
U000969,smart_onboarding,2026-04-26,smart_onboarding_v1
U000970,smart_onboarding,2026-04-08,smart_onboarding_v1
U000971,smart_onboarding,2026-06-28,smart_onboarding_v1
U000972,control,2026-04-20,smart_onboarding_v1
U000973,smart_onboarding,2026-02-23,smart_onboarding_v1
U000974,smart_onboarding,2026-06-24,smart_onboarding_v1
U000975,smart_onboarding,2026-01-22,smart_onboarding_v1
U000976,smart_onboarding,2026-06-26,smart_onboarding_v1
U000977,control,2026-02-08,smart_onboarding_v1
U000978,control,2026-02-18,smart_onboarding_v1
U000979,control,2026-06-22,smart_onboarding_v1
U000980,control,2026-04-24,smart_onboarding_v1
U000981,control,2026-03-14,smart_onboarding_v1
U000982,control,2026-06-22,smart_onboarding_v1
U000983,smart_onboarding,2026-05-21,smart_onboarding_v1
U000984,smart_onboarding,2026-03-31,smart_onboarding_v1
U000985,smart_onboarding,2026-04-01,smart_onboarding_v1
U000986,smart_onboarding,2026-03-03,smart_onboarding_v1
U000987,control,2026-04-08,smart_onboarding_v1
U000988,smart_onboarding,2026-06-07,smart_onboarding_v1
U000989,control,2026-04-26,smart_onboarding_v1
U000990,control,2026-02-10,smart_onboarding_v1
U000991,control,2026-05-28,smart_onboarding_v1
U000992,smart_onboarding,2026-02-22,smart_onboarding_v1
U000993,control,2026-05-03,smart_onboarding_v1
U000994,control,2026-04-21,smart_onboarding_v1
U000995,smart_onboarding,2026-02-09,smart_onboarding_v1
U000996,smart_onboarding,2026-02-04,smart_onboarding_v1
U000997,control,2026-02-14,smart_onboarding_v1
U000998,control,2026-03-14,smart_onboarding_v1
U000999,smart_onboarding,2026-05-25,smart_onboarding_v1
U001000,smart_onboarding,2026-05-31,smart_onboarding_v1
U001001,smart_onboarding,2026-03-05,smart_onboarding_v1
U001002,smart_onboarding,2026-04-23,smart_onboarding_v1
U001003,control,2026-02-16,smart_onboarding_v1
U001004,control,2026-06-20,smart_onboarding_v1
U001005,control,2026-05-29,smart_onboarding_v1
U001006,control,2026-06-19,smart_onboarding_v1
U001007,control,2026-03-06,smart_onboarding_v1
U001008,smart_onboarding,2026-01-24,smart_onboarding_v1
U001009,control,2026-05-13,smart_onboarding_v1
U001010,control,2026-02-18,smart_onboarding_v1
U001011,control,2026-03-02,smart_onboarding_v1
U001012,smart_onboarding,2026-05-17,smart_onboarding_v1
U001013,control,2026-01-19,smart_onboarding_v1
U001014,smart_onboarding,2026-04-21,smart_onboarding_v1
U001015,control,2026-06-17,smart_onboarding_v1
U001016,control,2026-03-08,smart_onboarding_v1
U001017,control,2026-05-15,smart_onboarding_v1
U001018,control,2026-03-21,smart_onboarding_v1
U001019,control,2026-05-04,smart_onboarding_v1
U001020,smart_onboarding,2026-05-19,smart_onboarding_v1
U001021,smart_onboarding,2026-04-04,smart_onboarding_v1
U001022,smart_onboarding,2026-04-08,smart_onboarding_v1
U001023,control,2026-02-17,smart_onboarding_v1
U001024,smart_onboarding,2026-05-24,smart_onboarding_v1
U001025,smart_onboarding,2026-04-11,smart_onboarding_v1
U001026,smart_onboarding,2026-05-07,smart_onboarding_v1
U001027,smart_onboarding,2026-04-28,smart_onboarding_v1
U001028,control,2026-03-13,smart_onboarding_v1
U001029,control,2026-04-26,smart_onboarding_v1
U001030,control,2026-05-31,smart_onboarding_v1
U001031,smart_onboarding,2026-01-20,smart_onboarding_v1
U001032,control,2026-05-17,smart_onboarding_v1
U001033,control,2026-02-01,smart_onboarding_v1
U001034,control,2026-05-06,smart_onboarding_v1
U001035,smart_onboarding,2026-03-16,smart_onboarding_v1
U001036,control,2026-01-28,smart_onboarding_v1
U001037,control,2026-01-06,smart_onboarding_v1
U001038,smart_onboarding,2026-03-10,smart_onboarding_v1
U001039,control,2026-02-05,smart_onboarding_v1
U001040,smart_onboarding,2026-04-30,smart_onboarding_v1
U001041,smart_onboarding,2026-03-13,smart_onboarding_v1
U001042,smart_onboarding,2026-05-02,smart_onboarding_v1
U001043,smart_onboarding,2026-01-25,smart_onboarding_v1
U001044,control,2026-06-13,smart_onboarding_v1
U001045,smart_onboarding,2026-01-27,smart_onboarding_v1
U001046,control,2026-05-19,smart_onboarding_v1
U001047,smart_onboarding,2026-06-13,smart_onboarding_v1
U001048,control,2026-05-11,smart_onboarding_v1
U001049,smart_onboarding,2026-02-02,smart_onboarding_v1
U001050,control,2026-02-19,smart_onboarding_v1
U001051,smart_onboarding,2026-04-29,smart_onboarding_v1
U001052,control,2026-05-19,smart_onboarding_v1
U001053,smart_onboarding,2026-05-24,smart_onboarding_v1
U001054,smart_onboarding,2026-02-08,smart_onboarding_v1
U001055,control,2026-06-05,smart_onboarding_v1
U001056,smart_onboarding,2026-03-11,smart_onboarding_v1
U001057,control,2026-04-21,smart_onboarding_v1
U001058,smart_onboarding,2026-06-28,smart_onboarding_v1
U001059,control,2026-06-23,smart_onboarding_v1
U001060,control,2026-04-24,smart_onboarding_v1
U001061,smart_onboarding,2026-01-07,smart_onboarding_v1
U001062,control,2026-02-25,smart_onboarding_v1
U001063,smart_onboarding,2026-05-06,smart_onboarding_v1
U001064,control,2026-06-08,smart_onboarding_v1
U001065,control,2026-05-24,smart_onboarding_v1
U001066,smart_onboarding,2026-05-10,smart_onboarding_v1
U001067,smart_onboarding,2026-02-19,smart_onboarding_v1
U001068,control,2026-03-06,smart_onboarding_v1
U001069,control,2026-05-13,smart_onboarding_v1
U001070,control,2026-04-14,smart_onboarding_v1
U001071,smart_onboarding,2026-05-18,smart_onboarding_v1
U001072,smart_onboarding,2026-04-22,smart_onboarding_v1
U001073,smart_onboarding,2026-01-28,smart_onboarding_v1
U001074,control,2026-05-09,smart_onboarding_v1
U001075,control,2026-02-18,smart_onboarding_v1
U001076,smart_onboarding,2026-03-08,smart_onboarding_v1
U001077,control,2026-03-24,smart_onboarding_v1
U001078,smart_onboarding,2026-06-29,smart_onboarding_v1
U001079,control,2026-05-18,smart_onboarding_v1
U001080,control,2026-05-13,smart_onboarding_v1
U001081,smart_onboarding,2026-06-28,smart_onboarding_v1
U001082,control,2026-04-22,smart_onboarding_v1
U001083,control,2026-05-24,smart_onboarding_v1
U001084,smart_onboarding,2026-01-02,smart_onboarding_v1
U001085,control,2026-06-27,smart_onboarding_v1
U001086,smart_onboarding,2026-02-23,smart_onboarding_v1
U001087,control,2026-04-25,smart_onboarding_v1
U001088,smart_onboarding,2026-05-20,smart_onboarding_v1
U001089,control,2026-02-23,smart_onboarding_v1
U001090,smart_onboarding,2026-04-15,smart_onboarding_v1
U001091,control,2026-06-01,smart_onboarding_v1
U001092,control,2026-04-10,smart_onboarding_v1
U001093,control,2026-01-29,smart_onboarding_v1
U001094,control,2026-04-13,smart_onboarding_v1
U001095,control,2026-06-28,smart_onboarding_v1
U001096,control,2026-02-11,smart_onboarding_v1
U001097,control,2026-02-28,smart_onboarding_v1
U001098,smart_onboarding,2026-02-16,smart_onboarding_v1
U001099,smart_onboarding,2026-01-09,smart_onboarding_v1
U001100,smart_onboarding,2026-04-27,smart_onboarding_v1
U001101,control,2026-02-21,smart_onboarding_v1
U001102,smart_onboarding,2026-04-28,smart_onboarding_v1
U001103,control,2026-04-05,smart_onboarding_v1
U001104,control,2026-01-31,smart_onboarding_v1
U001105,smart_onboarding,2026-01-17,smart_onboarding_v1
U001106,smart_onboarding,2026-04-16,smart_onboarding_v1
U001107,control,2026-02-22,smart_onboarding_v1
U001108,smart_onboarding,2026-04-27,smart_onboarding_v1
U001109,control,2026-05-28,smart_onboarding_v1
U001110,control,2026-03-15,smart_onboarding_v1
U001111,smart_onboarding,2026-04-12,smart_onboarding_v1
U001112,smart_onboarding,2026-01-21,smart_onboarding_v1
U001113,control,2026-01-26,smart_onboarding_v1
U001114,control,2026-03-10,smart_onboarding_v1
U001115,smart_onboarding,2026-05-20,smart_onboarding_v1
U001116,smart_onboarding,2026-01-09,smart_onboarding_v1
U001117,control,2026-06-17,smart_onboarding_v1
U001118,smart_onboarding,2026-06-25,smart_onboarding_v1
U001119,smart_onboarding,2026-04-14,smart_onboarding_v1
U001120,control,2026-06-20,smart_onboarding_v1
U001121,control,2026-04-23,smart_onboarding_v1
U001122,control,2026-02-17,smart_onboarding_v1
U001123,smart_onboarding,2026-01-21,smart_onboarding_v1
U001124,control,2026-06-15,smart_onboarding_v1
U001125,smart_onboarding,2026-04-12,smart_onboarding_v1
U001126,smart_onboarding,2026-05-08,smart_onboarding_v1
U001127,smart_onboarding,2026-01-19,smart_onboarding_v1
U001128,smart_onboarding,2026-05-20,smart_onboarding_v1
U001129,smart_onboarding,2026-06-07,smart_onboarding_v1
U001130,control,2026-04-17,smart_onboarding_v1
U001131,control,2026-01-31,smart_onboarding_v1
U001132,smart_onboarding,2026-01-19,smart_onboarding_v1
U001133,smart_onboarding,2026-06-22,smart_onboarding_v1
U001134,smart_onboarding,2026-03-14,smart_onboarding_v1
U001135,smart_onboarding,2026-05-22,smart_onboarding_v1
U001136,control,2026-05-13,smart_onboarding_v1
U001137,smart_onboarding,2026-04-14,smart_onboarding_v1
U001138,smart_onboarding,2026-01-15,smart_onboarding_v1
U001139,smart_onboarding,2026-06-23,smart_onboarding_v1
U001140,control,2026-03-20,smart_onboarding_v1
U001141,control,2026-01-22,smart_onboarding_v1
U001142,control,2026-03-01,smart_onboarding_v1
U001143,smart_onboarding,2026-02-10,smart_onboarding_v1
U001144,control,2026-03-02,smart_onboarding_v1
U001145,control,2026-05-06,smart_onboarding_v1
U001146,control,2026-02-02,smart_onboarding_v1
U001147,control,2026-03-11,smart_onboarding_v1
U001148,control,2026-01-30,smart_onboarding_v1
U001149,control,2026-02-19,smart_onboarding_v1
U001150,smart_onboarding,2026-04-29,smart_onboarding_v1
U001151,control,2026-04-28,smart_onboarding_v1
U001152,control,2026-05-13,smart_onboarding_v1
U001153,smart_onboarding,2026-02-07,smart_onboarding_v1
U001154,smart_onboarding,2026-04-06,smart_onboarding_v1
U001155,smart_onboarding,2026-01-12,smart_onboarding_v1
U001156,smart_onboarding,2026-03-22,smart_onboarding_v1
U001157,smart_onboarding,2026-01-02,smart_onboarding_v1
U001158,control,2026-03-24,smart_onboarding_v1
U001159,control,2026-02-04,smart_onboarding_v1
U001160,control,2026-04-18,smart_onboarding_v1
U001161,smart_onboarding,2026-02-26,smart_onboarding_v1
U001162,smart_onboarding,2026-01-31,smart_onboarding_v1
U001163,smart_onboarding,2026-02-22,smart_onboarding_v1
U001164,smart_onboarding,2026-06-22,smart_onboarding_v1
U001165,control,2026-06-02,smart_onboarding_v1
U001166,smart_onboarding,2026-01-09,smart_onboarding_v1
U001167,smart_onboarding,2026-02-12,smart_onboarding_v1
U001168,smart_onboarding,2026-03-13,smart_onboarding_v1
U001169,control,2026-06-28,smart_onboarding_v1
U001170,smart_onboarding,2026-06-09,smart_onboarding_v1
U001171,control,2026-06-09,smart_onboarding_v1
U001172,control,2026-01-02,smart_onboarding_v1
U001173,smart_onboarding,2026-03-23,smart_onboarding_v1
U001174,control,2026-04-06,smart_onboarding_v1
U001175,control,2026-03-21,smart_onboarding_v1
U001176,smart_onboarding,2026-05-29,smart_onboarding_v1
U001177,smart_onboarding,2026-01-26,smart_onboarding_v1
U001178,control,2026-06-02,smart_onboarding_v1
U001179,control,2026-02-02,smart_onboarding_v1
U001180,control,2026-02-05,smart_onboarding_v1
U001181,control,2026-03-02,smart_onboarding_v1
U001182,control,2026-05-13,smart_onboarding_v1
U001183,smart_onboarding,2026-01-11,smart_onboarding_v1
U001184,control,2026-03-19,smart_onboarding_v1
U001185,control,2026-04-18,smart_onboarding_v1
U001186,control,2026-04-27,smart_onboarding_v1
U001187,smart_onboarding,2026-06-25,smart_onboarding_v1
U001188,smart_onboarding,2026-04-25,smart_onboarding_v1
U001189,smart_onboarding,2026-01-09,smart_onboarding_v1
U001190,smart_onboarding,2026-03-02,smart_onboarding_v1
U001191,smart_onboarding,2026-01-20,smart_onboarding_v1
U001192,smart_onboarding,2026-03-31,smart_onboarding_v1
U001193,control,2026-02-18,smart_onboarding_v1
U001194,smart_onboarding,2026-03-30,smart_onboarding_v1
U001195,smart_onboarding,2026-06-29,smart_onboarding_v1
U001196,control,2026-04-24,smart_onboarding_v1
U001197,control,2026-01-22,smart_onboarding_v1
U001198,smart_onboarding,2026-05-03,smart_onboarding_v1
U001199,smart_onboarding,2026-01-22,smart_onboarding_v1
U001200,smart_onboarding,2026-06-19,smart_onboarding_v1
U001201,smart_onboarding,2026-06-19,smart_onboarding_v1
U001202,control,2026-02-04,smart_onboarding_v1
U001203,smart_onboarding,2026-04-08,smart_onboarding_v1
U001204,smart_onboarding,2026-06-09,smart_onboarding_v1
U001205,smart_onboarding,2026-03-23,smart_onboarding_v1
U001206,control,2026-05-22,smart_onboarding_v1
U001207,smart_onboarding,2026-02-13,smart_onboarding_v1
U001208,smart_onboarding,2026-01-13,smart_onboarding_v1
U001209,control,2026-05-05,smart_onboarding_v1
U001210,control,2026-06-04,smart_onboarding_v1
U001211,control,2026-05-11,smart_onboarding_v1
U001212,control,2026-04-09,smart_onboarding_v1
U001213,smart_onboarding,2026-05-06,smart_onboarding_v1
U001214,smart_onboarding,2026-02-14,smart_onboarding_v1
U001215,control,2026-05-24,smart_onboarding_v1
U001216,control,2026-06-24,smart_onboarding_v1
U001217,control,2026-06-19,smart_onboarding_v1
U001218,smart_onboarding,2026-01-18,smart_onboarding_v1
U001219,smart_onboarding,2026-05-12,smart_onboarding_v1
U001220,control,2026-04-27,smart_onboarding_v1
U001221,control,2026-01-17,smart_onboarding_v1
U001222,control,2026-02-23,smart_onboarding_v1
U001223,control,2026-01-04,smart_onboarding_v1
U001224,smart_onboarding,2026-01-19,smart_onboarding_v1
U001225,control,2026-06-15,smart_onboarding_v1
U001226,smart_onboarding,2026-05-04,smart_onboarding_v1
U001227,control,2026-05-23,smart_onboarding_v1
U001228,smart_onboarding,2026-02-10,smart_onboarding_v1
U001229,smart_onboarding,2026-02-03,smart_onboarding_v1
U001230,control,2026-06-23,smart_onboarding_v1
U001231,control,2026-05-09,smart_onboarding_v1
U001232,smart_onboarding,2026-06-30,smart_onboarding_v1
U001233,smart_onboarding,2026-02-17,smart_onboarding_v1
U001234,smart_onboarding,2026-02-23,smart_onboarding_v1
U001235,control,2026-05-20,smart_onboarding_v1
U001236,control,2026-02-14,smart_onboarding_v1
U001237,smart_onboarding,2026-04-23,smart_onboarding_v1
U001238,smart_onboarding,2026-02-18,smart_onboarding_v1
U001239,smart_onboarding,2026-04-18,smart_onboarding_v1
U001240,control,2026-03-20,smart_onboarding_v1
U001241,smart_onboarding,2026-06-13,smart_onboarding_v1
U001242,control,2026-01-13,smart_onboarding_v1
U001243,smart_onboarding,2026-06-17,smart_onboarding_v1
U001244,control,2026-03-04,smart_onboarding_v1
U001245,control,2026-04-19,smart_onboarding_v1
U001246,smart_onboarding,2026-02-04,smart_onboarding_v1
U001247,control,2026-01-07,smart_onboarding_v1
U001248,smart_onboarding,2026-01-11,smart_onboarding_v1
U001249,smart_onboarding,2026-05-02,smart_onboarding_v1
U001250,control,2026-03-11,smart_onboarding_v1
U001251,control,2026-05-18,smart_onboarding_v1
U001252,smart_onboarding,2026-06-26,smart_onboarding_v1
U001253,smart_onboarding,2026-01-27,smart_onboarding_v1
U001254,control,2026-01-25,smart_onboarding_v1
U001255,control,2026-05-11,smart_onboarding_v1
U001256,control,2026-05-09,smart_onboarding_v1
U001257,smart_onboarding,2026-06-12,smart_onboarding_v1
U001258,smart_onboarding,2026-01-04,smart_onboarding_v1
U001259,control,2026-03-13,smart_onboarding_v1
U001260,control,2026-05-06,smart_onboarding_v1
U001261,smart_onboarding,2026-03-16,smart_onboarding_v1
U001262,control,2026-01-03,smart_onboarding_v1
U001263,smart_onboarding,2026-02-08,smart_onboarding_v1
U001264,smart_onboarding,2026-03-11,smart_onboarding_v1
U001265,smart_onboarding,2026-04-18,smart_onboarding_v1
U001266,control,2026-02-21,smart_onboarding_v1
U001267,smart_onboarding,2026-03-12,smart_onboarding_v1
U001268,control,2026-01-18,smart_onboarding_v1
U001269,control,2026-02-23,smart_onboarding_v1
U001270,smart_onboarding,2026-05-13,smart_onboarding_v1
U001271,smart_onboarding,2026-04-06,smart_onboarding_v1
U001272,smart_onboarding,2026-05-09,smart_onboarding_v1
U001273,smart_onboarding,2026-04-09,smart_onboarding_v1
U001274,control,2026-03-02,smart_onboarding_v1
U001275,control,2026-03-22,smart_onboarding_v1
U001276,smart_onboarding,2026-05-23,smart_onboarding_v1
U001277,control,2026-01-06,smart_onboarding_v1
U001278,smart_onboarding,2026-03-27,smart_onboarding_v1
U001279,smart_onboarding,2026-03-11,smart_onboarding_v1
U001280,control,2026-06-04,smart_onboarding_v1
U001281,smart_onboarding,2026-05-15,smart_onboarding_v1
U001282,control,2026-02-15,smart_onboarding_v1
U001283,smart_onboarding,2026-05-04,smart_onboarding_v1
U001284,control,2026-02-16,smart_onboarding_v1
U001285,smart_onboarding,2026-04-14,smart_onboarding_v1
U001286,control,2026-05-25,smart_onboarding_v1
U001287,control,2026-05-03,smart_onboarding_v1
U001288,control,2026-02-23,smart_onboarding_v1
U001289,control,2026-04-28,smart_onboarding_v1
U001290,control,2026-02-04,smart_onboarding_v1
U001291,smart_onboarding,2026-04-10,smart_onboarding_v1
U001292,smart_onboarding,2026-01-17,smart_onboarding_v1
U001293,smart_onboarding,2026-03-11,smart_onboarding_v1
U001294,control,2026-04-08,smart_onboarding_v1
U001295,control,2026-01-28,smart_onboarding_v1
U001296,smart_onboarding,2026-03-13,smart_onboarding_v1
U001297,control,2026-05-10,smart_onboarding_v1
U001298,control,2026-05-13,smart_onboarding_v1
U001299,control,2026-02-06,smart_onboarding_v1
U001300,smart_onboarding,2026-03-25,smart_onboarding_v1
U001301,control,2026-04-14,smart_onboarding_v1
U001302,control,2026-04-15,smart_onboarding_v1
U001303,control,2026-01-06,smart_onboarding_v1
U001304,control,2026-05-01,smart_onboarding_v1
U001305,smart_onboarding,2026-05-10,smart_onboarding_v1
U001306,control,2026-03-30,smart_onboarding_v1
U001307,control,2026-02-02,smart_onboarding_v1
U001308,smart_onboarding,2026-05-12,smart_onboarding_v1
U001309,control,2026-03-26,smart_onboarding_v1
U001310,smart_onboarding,2026-03-10,smart_onboarding_v1
U001311,control,2026-06-26,smart_onboarding_v1
U001312,control,2026-04-29,smart_onboarding_v1
U001313,smart_onboarding,2026-06-25,smart_onboarding_v1
U001314,control,2026-05-28,smart_onboarding_v1
U001315,smart_onboarding,2026-01-13,smart_onboarding_v1
U001316,control,2026-03-15,smart_onboarding_v1
U001317,control,2026-03-07,smart_onboarding_v1
U001318,smart_onboarding,2026-05-21,smart_onboarding_v1
U001319,smart_onboarding,2026-06-08,smart_onboarding_v1
U001320,smart_onboarding,2026-03-01,smart_onboarding_v1
U001321,smart_onboarding,2026-02-14,smart_onboarding_v1
U001322,control,2026-05-08,smart_onboarding_v1
U001323,smart_onboarding,2026-03-20,smart_onboarding_v1
U001324,control,2026-05-23,smart_onboarding_v1
U001325,control,2026-01-28,smart_onboarding_v1
U001326,control,2026-06-11,smart_onboarding_v1
U001327,smart_onboarding,2026-06-01,smart_onboarding_v1
U001328,smart_onboarding,2026-01-10,smart_onboarding_v1
U001329,control,2026-02-08,smart_onboarding_v1
U001330,smart_onboarding,2026-04-18,smart_onboarding_v1
U001331,control,2026-02-11,smart_onboarding_v1
U001332,smart_onboarding,2026-02-22,smart_onboarding_v1
U001333,control,2026-01-21,smart_onboarding_v1
U001334,control,2026-05-17,smart_onboarding_v1
U001335,smart_onboarding,2026-01-14,smart_onboarding_v1
U001336,control,2026-05-17,smart_onboarding_v1
U001337,smart_onboarding,2026-04-12,smart_onboarding_v1
U001338,smart_onboarding,2026-05-21,smart_onboarding_v1
U001339,control,2026-05-21,smart_onboarding_v1
U001340,smart_onboarding,2026-05-20,smart_onboarding_v1
U001341,smart_onboarding,2026-05-15,smart_onboarding_v1
U001342,control,2026-05-02,smart_onboarding_v1
U001343,control,2026-04-15,smart_onboarding_v1
U001344,smart_onboarding,2026-04-19,smart_onboarding_v1
U001345,control,2026-03-22,smart_onboarding_v1
U001346,smart_onboarding,2026-01-06,smart_onboarding_v1
U001347,control,2026-01-10,smart_onboarding_v1
U001348,control,2026-01-23,smart_onboarding_v1
U001349,control,2026-06-08,smart_onboarding_v1
U001350,control,2026-04-28,smart_onboarding_v1
U001351,smart_onboarding,2026-05-28,smart_onboarding_v1
U001352,smart_onboarding,2026-03-07,smart_onboarding_v1
U001353,smart_onboarding,2026-01-15,smart_onboarding_v1
U001354,smart_onboarding,2026-06-01,smart_onboarding_v1
U001355,smart_onboarding,2026-06-05,smart_onboarding_v1
U001356,smart_onboarding,2026-05-02,smart_onboarding_v1
U001357,smart_onboarding,2026-01-10,smart_onboarding_v1
U001358,smart_onboarding,2026-06-26,smart_onboarding_v1
U001359,control,2026-05-21,smart_onboarding_v1
U001360,smart_onboarding,2026-06-09,smart_onboarding_v1
U001361,control,2026-05-31,smart_onboarding_v1
U001362,control,2026-06-27,smart_onboarding_v1
U001363,control,2026-02-09,smart_onboarding_v1
U001364,control,2026-03-02,smart_onboarding_v1
U001365,smart_onboarding,2026-06-11,smart_onboarding_v1
U001366,control,2026-03-02,smart_onboarding_v1
U001367,control,2026-01-31,smart_onboarding_v1
U001368,control,2026-03-12,smart_onboarding_v1
U001369,control,2026-05-20,smart_onboarding_v1
U001370,control,2026-01-18,smart_onboarding_v1
U001371,control,2026-01-21,smart_onboarding_v1
U001372,smart_onboarding,2026-01-08,smart_onboarding_v1
U001373,control,2026-05-17,smart_onboarding_v1
U001374,control,2026-04-07,smart_onboarding_v1
U001375,control,2026-06-16,smart_onboarding_v1
U001376,smart_onboarding,2026-05-22,smart_onboarding_v1
U001377,smart_onboarding,2026-03-17,smart_onboarding_v1
U001378,smart_onboarding,2026-03-17,smart_onboarding_v1
U001379,smart_onboarding,2026-05-08,smart_onboarding_v1
U001380,control,2026-02-05,smart_onboarding_v1
U001381,smart_onboarding,2026-04-15,smart_onboarding_v1
U001382,smart_onboarding,2026-01-04,smart_onboarding_v1
U001383,control,2026-01-08,smart_onboarding_v1
U001384,control,2026-01-12,smart_onboarding_v1
U001385,control,2026-03-16,smart_onboarding_v1
U001386,control,2026-04-09,smart_onboarding_v1
U001387,smart_onboarding,2026-06-16,smart_onboarding_v1
U001388,control,2026-04-07,smart_onboarding_v1
U001389,smart_onboarding,2026-02-12,smart_onboarding_v1
U001390,smart_onboarding,2026-05-29,smart_onboarding_v1
U001391,smart_onboarding,2026-02-02,smart_onboarding_v1
U001392,smart_onboarding,2026-04-01,smart_onboarding_v1
U001393,control,2026-04-02,smart_onboarding_v1
U001394,control,2026-04-15,smart_onboarding_v1
U001395,control,2026-04-14,smart_onboarding_v1
U001396,control,2026-03-29,smart_onboarding_v1
U001397,smart_onboarding,2026-01-22,smart_onboarding_v1
U001398,control,2026-06-13,smart_onboarding_v1
U001399,control,2026-04-03,smart_onboarding_v1
U001400,control,2026-04-11,smart_onboarding_v1
U001401,control,2026-01-14,smart_onboarding_v1
U001402,control,2026-02-22,smart_onboarding_v1
U001403,smart_onboarding,2026-06-02,smart_onboarding_v1
U001404,smart_onboarding,2026-02-07,smart_onboarding_v1
U001405,control,2026-02-09,smart_onboarding_v1
U001406,control,2026-06-19,smart_onboarding_v1
U001407,control,2026-05-19,smart_onboarding_v1
U001408,control,2026-05-27,smart_onboarding_v1
U001409,control,2026-06-22,smart_onboarding_v1
U001410,smart_onboarding,2026-06-16,smart_onboarding_v1
U001411,control,2026-03-11,smart_onboarding_v1
U001412,smart_onboarding,2026-04-04,smart_onboarding_v1
U001413,control,2026-05-31,smart_onboarding_v1
U001414,smart_onboarding,2026-05-04,smart_onboarding_v1
U001415,control,2026-03-21,smart_onboarding_v1
U001416,smart_onboarding,2026-01-13,smart_onboarding_v1
U001417,smart_onboarding,2026-03-04,smart_onboarding_v1
U001418,smart_onboarding,2026-03-18,smart_onboarding_v1
U001419,control,2026-06-06,smart_onboarding_v1
U001420,smart_onboarding,2026-06-20,smart_onboarding_v1
U001421,control,2026-03-23,smart_onboarding_v1
U001422,smart_onboarding,2026-02-04,smart_onboarding_v1
U001423,control,2026-06-02,smart_onboarding_v1
U001424,control,2026-06-13,smart_onboarding_v1
U001425,control,2026-04-12,smart_onboarding_v1
U001426,control,2026-01-27,smart_onboarding_v1
U001427,smart_onboarding,2026-05-02,smart_onboarding_v1
U001428,smart_onboarding,2026-03-29,smart_onboarding_v1
U001429,control,2026-04-30,smart_onboarding_v1
U001430,control,2026-06-19,smart_onboarding_v1
U001431,control,2026-03-01,smart_onboarding_v1
U001432,smart_onboarding,2026-01-15,smart_onboarding_v1
U001433,control,2026-06-27,smart_onboarding_v1
U001434,smart_onboarding,2026-04-22,smart_onboarding_v1
U001435,smart_onboarding,2026-05-19,smart_onboarding_v1
U001436,smart_onboarding,2026-02-16,smart_onboarding_v1
U001437,control,2026-06-16,smart_onboarding_v1
U001438,smart_onboarding,2026-02-26,smart_onboarding_v1
U001439,smart_onboarding,2026-01-11,smart_onboarding_v1
U001440,smart_onboarding,2026-05-22,smart_onboarding_v1
U001441,control,2026-05-26,smart_onboarding_v1
U001442,smart_onboarding,2026-02-24,smart_onboarding_v1
U001443,control,2026-02-17,smart_onboarding_v1
U001444,control,2026-06-09,smart_onboarding_v1
U001445,control,2026-06-12,smart_onboarding_v1
U001446,control,2026-01-08,smart_onboarding_v1
U001447,smart_onboarding,2026-03-23,smart_onboarding_v1
U001448,smart_onboarding,2026-06-06,smart_onboarding_v1
U001449,control,2026-02-03,smart_onboarding_v1
U001450,control,2026-05-06,smart_onboarding_v1
U001451,smart_onboarding,2026-01-16,smart_onboarding_v1
U001452,smart_onboarding,2026-06-22,smart_onboarding_v1
U001453,smart_onboarding,2026-06-02,smart_onboarding_v1
U001454,smart_onboarding,2026-04-25,smart_onboarding_v1
U001455,control,2026-02-25,smart_onboarding_v1
U001456,control,2026-03-30,smart_onboarding_v1
U001457,control,2026-01-11,smart_onboarding_v1
U001458,control,2026-04-19,smart_onboarding_v1
U001459,smart_onboarding,2026-03-27,smart_onboarding_v1
U001460,control,2026-06-05,smart_onboarding_v1
U001461,smart_onboarding,2026-03-31,smart_onboarding_v1
U001462,control,2026-02-08,smart_onboarding_v1
U001463,control,2026-06-18,smart_onboarding_v1
U001464,smart_onboarding,2026-02-05,smart_onboarding_v1
U001465,control,2026-01-01,smart_onboarding_v1
U001466,smart_onboarding,2026-05-14,smart_onboarding_v1
U001467,smart_onboarding,2026-03-09,smart_onboarding_v1
U001468,control,2026-01-03,smart_onboarding_v1
U001469,control,2026-01-05,smart_onboarding_v1
U001470,smart_onboarding,2026-05-19,smart_onboarding_v1
U001471,smart_onboarding,2026-02-05,smart_onboarding_v1
U001472,control,2026-04-25,smart_onboarding_v1
U001473,control,2026-02-27,smart_onboarding_v1
U001474,control,2026-03-20,smart_onboarding_v1
U001475,smart_onboarding,2026-01-26,smart_onboarding_v1
U001476,smart_onboarding,2026-03-22,smart_onboarding_v1
U001477,smart_onboarding,2026-01-16,smart_onboarding_v1
U001478,smart_onboarding,2026-03-01,smart_onboarding_v1
U001479,control,2026-06-22,smart_onboarding_v1
U001480,control,2026-04-30,smart_onboarding_v1
U001481,smart_onboarding,2026-04-25,smart_onboarding_v1
U001482,smart_onboarding,2026-04-24,smart_onboarding_v1
U001483,smart_onboarding,2026-05-31,smart_onboarding_v1
U001484,smart_onboarding,2026-04-07,smart_onboarding_v1
U001485,control,2026-06-14,smart_onboarding_v1
U001486,control,2026-06-26,smart_onboarding_v1
U001487,control,2026-06-07,smart_onboarding_v1
U001488,smart_onboarding,2026-04-01,smart_onboarding_v1
U001489,control,2026-06-06,smart_onboarding_v1
U001490,control,2026-01-25,smart_onboarding_v1
U001491,control,2026-05-07,smart_onboarding_v1
U001492,control,2026-01-11,smart_onboarding_v1
U001493,control,2026-01-27,smart_onboarding_v1
U001494,smart_onboarding,2026-01-18,smart_onboarding_v1
U001495,control,2026-02-17,smart_onboarding_v1
U001496,control,2026-04-03,smart_onboarding_v1
U001497,smart_onboarding,2026-02-28,smart_onboarding_v1
U001498,control,2026-03-16,smart_onboarding_v1
U001499,control,2026-05-23,smart_onboarding_v1
U001500,control,2026-04-03,smart_onboarding_v1
U001501,control,2026-05-31,smart_onboarding_v1
U001502,smart_onboarding,2026-02-02,smart_onboarding_v1
U001503,control,2026-03-12,smart_onboarding_v1
U001504,control,2026-02-03,smart_onboarding_v1
U001505,smart_onboarding,2026-01-14,smart_onboarding_v1
U001506,control,2026-01-14,smart_onboarding_v1
U001507,smart_onboarding,2026-02-01,smart_onboarding_v1
U001508,smart_onboarding,2026-03-07,smart_onboarding_v1
U001509,smart_onboarding,2026-02-05,smart_onboarding_v1
U001510,control,2026-05-05,smart_onboarding_v1
U001511,smart_onboarding,2026-01-28,smart_onboarding_v1
U001512,control,2026-06-11,smart_onboarding_v1
U001513,smart_onboarding,2026-04-19,smart_onboarding_v1
U001514,control,2026-01-16,smart_onboarding_v1
U001515,smart_onboarding,2026-04-29,smart_onboarding_v1
U001516,control,2026-02-19,smart_onboarding_v1
U001517,smart_onboarding,2026-06-17,smart_onboarding_v1
U001518,control,2026-01-20,smart_onboarding_v1
U001519,smart_onboarding,2026-01-03,smart_onboarding_v1
U001520,smart_onboarding,2026-01-31,smart_onboarding_v1
U001521,smart_onboarding,2026-05-20,smart_onboarding_v1
U001522,smart_onboarding,2026-05-17,smart_onboarding_v1
U001523,control,2026-02-15,smart_onboarding_v1
U001524,control,2026-01-16,smart_onboarding_v1
U001525,control,2026-04-03,smart_onboarding_v1
U001526,control,2026-02-03,smart_onboarding_v1
U001527,control,2026-02-04,smart_onboarding_v1
U001528,smart_onboarding,2026-05-08,smart_onboarding_v1
U001529,control,2026-02-16,smart_onboarding_v1
U001530,smart_onboarding,2026-01-26,smart_onboarding_v1
U001531,control,2026-06-10,smart_onboarding_v1
U001532,smart_onboarding,2026-02-03,smart_onboarding_v1
U001533,smart_onboarding,2026-04-20,smart_onboarding_v1
U001534,smart_onboarding,2026-01-09,smart_onboarding_v1
U001535,smart_onboarding,2026-04-03,smart_onboarding_v1
U001536,control,2026-05-15,smart_onboarding_v1
U001537,control,2026-02-14,smart_onboarding_v1
U001538,smart_onboarding,2026-05-12,smart_onboarding_v1
U001539,smart_onboarding,2026-06-13,smart_onboarding_v1
U001540,control,2026-02-06,smart_onboarding_v1
U001541,smart_onboarding,2026-01-16,smart_onboarding_v1
U001542,smart_onboarding,2026-01-15,smart_onboarding_v1
U001543,smart_onboarding,2026-04-22,smart_onboarding_v1
U001544,control,2026-06-15,smart_onboarding_v1
U001545,control,2026-05-01,smart_onboarding_v1
U001546,smart_onboarding,2026-05-22,smart_onboarding_v1
U001547,smart_onboarding,2026-04-18,smart_onboarding_v1
U001548,control,2026-05-29,smart_onboarding_v1
U001549,control,2026-03-22,smart_onboarding_v1
U001550,smart_onboarding,2026-01-26,smart_onboarding_v1
U001551,control,2026-02-21,smart_onboarding_v1
U001552,smart_onboarding,2026-06-09,smart_onboarding_v1
U001553,control,2026-06-18,smart_onboarding_v1
U001554,smart_onboarding,2026-03-29,smart_onboarding_v1
U001555,control,2026-06-12,smart_onboarding_v1
U001556,smart_onboarding,2026-03-04,smart_onboarding_v1
U001557,control,2026-02-27,smart_onboarding_v1
U001558,control,2026-02-12,smart_onboarding_v1
U001559,control,2026-06-19,smart_onboarding_v1
U001560,control,2026-04-18,smart_onboarding_v1
U001561,smart_onboarding,2026-01-09,smart_onboarding_v1
U001562,control,2026-06-24,smart_onboarding_v1
U001563,control,2026-02-16,smart_onboarding_v1
U001564,control,2026-04-24,smart_onboarding_v1
U001565,smart_onboarding,2026-02-22,smart_onboarding_v1
U001566,control,2026-01-07,smart_onboarding_v1
U001567,control,2026-02-19,smart_onboarding_v1
U001568,control,2026-06-07,smart_onboarding_v1
U001569,control,2026-06-03,smart_onboarding_v1
U001570,smart_onboarding,2026-04-07,smart_onboarding_v1
U001571,control,2026-01-20,smart_onboarding_v1
U001572,smart_onboarding,2026-02-10,smart_onboarding_v1
U001573,smart_onboarding,2026-02-18,smart_onboarding_v1
U001574,smart_onboarding,2026-06-22,smart_onboarding_v1
U001575,smart_onboarding,2026-04-24,smart_onboarding_v1
U001576,smart_onboarding,2026-04-24,smart_onboarding_v1
U001577,control,2026-04-21,smart_onboarding_v1
U001578,control,2026-06-29,smart_onboarding_v1
U001579,control,2026-03-17,smart_onboarding_v1
U001580,control,2026-06-28,smart_onboarding_v1
U001581,smart_onboarding,2026-01-10,smart_onboarding_v1
U001582,smart_onboarding,2026-06-17,smart_onboarding_v1
U001583,control,2026-03-20,smart_onboarding_v1
U001584,smart_onboarding,2026-01-28,smart_onboarding_v1
U001585,control,2026-03-05,smart_onboarding_v1
U001586,smart_onboarding,2026-04-09,smart_onboarding_v1
U001587,smart_onboarding,2026-05-31,smart_onboarding_v1
U001588,control,2026-03-11,smart_onboarding_v1
U001589,control,2026-02-17,smart_onboarding_v1
U001590,smart_onboarding,2026-02-05,smart_onboarding_v1
U001591,smart_onboarding,2026-03-08,smart_onboarding_v1
U001592,smart_onboarding,2026-04-19,smart_onboarding_v1
U001593,smart_onboarding,2026-01-16,smart_onboarding_v1
U001594,smart_onboarding,2026-04-23,smart_onboarding_v1
U001595,control,2026-06-20,smart_onboarding_v1
U001596,smart_onboarding,2026-03-30,smart_onboarding_v1
U001597,control,2026-01-04,smart_onboarding_v1
U001598,control,2026-01-13,smart_onboarding_v1
U001599,smart_onboarding,2026-02-04,smart_onboarding_v1
U001600,smart_onboarding,2026-04-24,smart_onboarding_v1
U001601,smart_onboarding,2026-06-25,smart_onboarding_v1
U001602,smart_onboarding,2026-06-27,smart_onboarding_v1
U001603,smart_onboarding,2026-05-06,smart_onboarding_v1
U001604,control,2026-04-05,smart_onboarding_v1
U001605,control,2026-06-13,smart_onboarding_v1
U001606,control,2026-03-22,smart_onboarding_v1
U001607,control,2026-01-19,smart_onboarding_v1
U001608,smart_onboarding,2026-06-29,smart_onboarding_v1
U001609,smart_onboarding,2026-05-18,smart_onboarding_v1
U001610,control,2026-04-28,smart_onboarding_v1
U001611,smart_onboarding,2026-06-01,smart_onboarding_v1
U001612,smart_onboarding,2026-05-23,smart_onboarding_v1
U001613,smart_onboarding,2026-02-06,smart_onboarding_v1
U001614,control,2026-03-03,smart_onboarding_v1
U001615,smart_onboarding,2026-06-15,smart_onboarding_v1
U001616,smart_onboarding,2026-04-03,smart_onboarding_v1
U001617,smart_onboarding,2026-04-05,smart_onboarding_v1
U001618,control,2026-01-20,smart_onboarding_v1
U001619,control,2026-02-14,smart_onboarding_v1
U001620,control,2026-06-09,smart_onboarding_v1
U001621,control,2026-04-23,smart_onboarding_v1
U001622,smart_onboarding,2026-03-31,smart_onboarding_v1
U001623,control,2026-03-01,smart_onboarding_v1
U001624,smart_onboarding,2026-01-08,smart_onboarding_v1
U001625,control,2026-05-07,smart_onboarding_v1
U001626,control,2026-04-03,smart_onboarding_v1
U001627,smart_onboarding,2026-03-24,smart_onboarding_v1
U001628,control,2026-02-07,smart_onboarding_v1
U001629,control,2026-06-07,smart_onboarding_v1
U001630,smart_onboarding,2026-02-11,smart_onboarding_v1
U001631,smart_onboarding,2026-04-03,smart_onboarding_v1
U001632,control,2026-05-05,smart_onboarding_v1
U001633,smart_onboarding,2026-03-08,smart_onboarding_v1
U001634,control,2026-04-11,smart_onboarding_v1
U001635,smart_onboarding,2026-06-19,smart_onboarding_v1
U001636,control,2026-04-23,smart_onboarding_v1
U001637,smart_onboarding,2026-05-31,smart_onboarding_v1
U001638,control,2026-02-11,smart_onboarding_v1
U001639,smart_onboarding,2026-05-22,smart_onboarding_v1
U001640,smart_onboarding,2026-05-25,smart_onboarding_v1
U001641,control,2026-03-29,smart_onboarding_v1
U001642,smart_onboarding,2026-02-12,smart_onboarding_v1
U001643,control,2026-05-20,smart_onboarding_v1
U001644,control,2026-03-25,smart_onboarding_v1
U001645,smart_onboarding,2026-06-25,smart_onboarding_v1
U001646,smart_onboarding,2026-06-29,smart_onboarding_v1
U001647,smart_onboarding,2026-03-19,smart_onboarding_v1
U001648,smart_onboarding,2026-01-18,smart_onboarding_v1
U001649,control,2026-06-26,smart_onboarding_v1
U001650,smart_onboarding,2026-04-23,smart_onboarding_v1
U001651,control,2026-05-25,smart_onboarding_v1
U001652,smart_onboarding,2026-05-29,smart_onboarding_v1
U001653,control,2026-01-18,smart_onboarding_v1
U001654,smart_onboarding,2026-03-14,smart_onboarding_v1
U001655,smart_onboarding,2026-01-05,smart_onboarding_v1
U001656,smart_onboarding,2026-06-10,smart_onboarding_v1
U001657,control,2026-03-02,smart_onboarding_v1
U001658,control,2026-05-11,smart_onboarding_v1
U001659,control,2026-06-12,smart_onboarding_v1
U001660,control,2026-05-15,smart_onboarding_v1
U001661,smart_onboarding,2026-04-18,smart_onboarding_v1
U001662,smart_onboarding,2026-01-16,smart_onboarding_v1
U001663,smart_onboarding,2026-01-30,smart_onboarding_v1
U001664,control,2026-05-23,smart_onboarding_v1
U001665,control,2026-06-04,smart_onboarding_v1
U001666,control,2026-06-26,smart_onboarding_v1
U001667,control,2026-03-21,smart_onboarding_v1
U001668,control,2026-02-06,smart_onboarding_v1
U001669,control,2026-06-27,smart_onboarding_v1
U001670,control,2026-05-06,smart_onboarding_v1
U001671,control,2026-05-16,smart_onboarding_v1
U001672,control,2026-07-01,smart_onboarding_v1
U001673,control,2026-06-05,smart_onboarding_v1
U001674,control,2026-03-08,smart_onboarding_v1
U001675,control,2026-02-13,smart_onboarding_v1
U001676,smart_onboarding,2026-02-07,smart_onboarding_v1
U001677,control,2026-05-03,smart_onboarding_v1
U001678,smart_onboarding,2026-04-26,smart_onboarding_v1
U001679,smart_onboarding,2026-01-29,smart_onboarding_v1
U001680,smart_onboarding,2026-05-03,smart_onboarding_v1
U001681,control,2026-06-03,smart_onboarding_v1
U001682,smart_onboarding,2026-03-23,smart_onboarding_v1
U001683,smart_onboarding,2026-03-30,smart_onboarding_v1
U001684,smart_onboarding,2026-06-24,smart_onboarding_v1
U001685,smart_onboarding,2026-03-15,smart_onboarding_v1
U001686,smart_onboarding,2026-02-17,smart_onboarding_v1
U001687,control,2026-01-18,smart_onboarding_v1
U001688,smart_onboarding,2026-05-06,smart_onboarding_v1
U001689,smart_onboarding,2026-01-29,smart_onboarding_v1
U001690,smart_onboarding,2026-01-04,smart_onboarding_v1
U001691,smart_onboarding,2026-05-10,smart_onboarding_v1
U001692,smart_onboarding,2026-03-31,smart_onboarding_v1
U001693,smart_onboarding,2026-06-14,smart_onboarding_v1
U001694,smart_onboarding,2026-01-21,smart_onboarding_v1
U001695,control,2026-06-10,smart_onboarding_v1
U001696,smart_onboarding,2026-03-11,smart_onboarding_v1
U001697,smart_onboarding,2026-03-22,smart_onboarding_v1
U001698,smart_onboarding,2026-01-01,smart_onboarding_v1
U001699,smart_onboarding,2026-03-23,smart_onboarding_v1
U001700,smart_onboarding,2026-04-24,smart_onboarding_v1
U001701,control,2026-02-26,smart_onboarding_v1
U001702,smart_onboarding,2026-02-19,smart_onboarding_v1
U001703,control,2026-06-15,smart_onboarding_v1
U001704,smart_onboarding,2026-06-04,smart_onboarding_v1
U001705,smart_onboarding,2026-02-25,smart_onboarding_v1
U001706,control,2026-05-29,smart_onboarding_v1
U001707,control,2026-06-25,smart_onboarding_v1
U001708,control,2026-01-25,smart_onboarding_v1
U001709,smart_onboarding,2026-03-07,smart_onboarding_v1
U001710,control,2026-02-06,smart_onboarding_v1
U001711,smart_onboarding,2026-05-20,smart_onboarding_v1
U001712,control,2026-02-18,smart_onboarding_v1
U001713,smart_onboarding,2026-03-30,smart_onboarding_v1
U001714,control,2026-06-11,smart_onboarding_v1
U001715,control,2026-01-29,smart_onboarding_v1
U001716,control,2026-02-10,smart_onboarding_v1
U001717,smart_onboarding,2026-06-08,smart_onboarding_v1
U001718,control,2026-02-17,smart_onboarding_v1
U001719,control,2026-01-21,smart_onboarding_v1
U001720,smart_onboarding,2026-02-02,smart_onboarding_v1
U001721,control,2026-04-05,smart_onboarding_v1
U001722,control,2026-05-21,smart_onboarding_v1
U001723,control,2026-04-21,smart_onboarding_v1
U001724,control,2026-06-28,smart_onboarding_v1
U001725,control,2026-01-18,smart_onboarding_v1
U001726,smart_onboarding,2026-02-19,smart_onboarding_v1
U001727,smart_onboarding,2026-06-24,smart_onboarding_v1
U001728,smart_onboarding,2026-03-31,smart_onboarding_v1
U001729,smart_onboarding,2026-04-30,smart_onboarding_v1
U001730,smart_onboarding,2026-04-10,smart_onboarding_v1
U001731,smart_onboarding,2026-03-02,smart_onboarding_v1
U001732,smart_onboarding,2026-03-13,smart_onboarding_v1
U001733,smart_onboarding,2026-05-27,smart_onboarding_v1
U001734,control,2026-03-06,smart_onboarding_v1
U001735,control,2026-05-14,smart_onboarding_v1
U001736,control,2026-05-04,smart_onboarding_v1
U001737,control,2026-01-25,smart_onboarding_v1
U001738,control,2026-06-15,smart_onboarding_v1
U001739,control,2026-02-16,smart_onboarding_v1
U001740,smart_onboarding,2026-01-26,smart_onboarding_v1
U001741,smart_onboarding,2026-04-15,smart_onboarding_v1
U001742,control,2026-02-15,smart_onboarding_v1
U001743,control,2026-05-29,smart_onboarding_v1
U001744,control,2026-05-24,smart_onboarding_v1
U001745,control,2026-03-09,smart_onboarding_v1
U001746,smart_onboarding,2026-05-04,smart_onboarding_v1
U001747,smart_onboarding,2026-03-11,smart_onboarding_v1
U001748,control,2026-05-20,smart_onboarding_v1
U001749,control,2026-03-01,smart_onboarding_v1
U001750,control,2026-01-21,smart_onboarding_v1
U001751,smart_onboarding,2026-05-02,smart_onboarding_v1
U001752,control,2026-05-30,smart_onboarding_v1
U001753,control,2026-04-14,smart_onboarding_v1
U001754,smart_onboarding,2026-03-28,smart_onboarding_v1
U001755,smart_onboarding,2026-04-28,smart_onboarding_v1
U001756,smart_onboarding,2026-05-10,smart_onboarding_v1
U001757,smart_onboarding,2026-04-25,smart_onboarding_v1
U001758,smart_onboarding,2026-01-08,smart_onboarding_v1
U001759,control,2026-01-08,smart_onboarding_v1
U001760,control,2026-04-10,smart_onboarding_v1
U001761,control,2026-04-27,smart_onboarding_v1
U001762,control,2026-04-13,smart_onboarding_v1
U001763,control,2026-03-03,smart_onboarding_v1
U001764,control,2026-06-13,smart_onboarding_v1
U001765,control,2026-02-15,smart_onboarding_v1
U001766,smart_onboarding,2026-06-14,smart_onboarding_v1
U001767,control,2026-06-27,smart_onboarding_v1
U001768,control,2026-03-06,smart_onboarding_v1
U001769,smart_onboarding,2026-06-05,smart_onboarding_v1
U001770,smart_onboarding,2026-06-09,smart_onboarding_v1
U001771,smart_onboarding,2026-06-23,smart_onboarding_v1
U001772,control,2026-06-11,smart_onboarding_v1
U001773,smart_onboarding,2026-02-17,smart_onboarding_v1
U001774,control,2026-06-20,smart_onboarding_v1
U001775,smart_onboarding,2026-02-13,smart_onboarding_v1
U001776,control,2026-06-02,smart_onboarding_v1
U001777,control,2026-02-11,smart_onboarding_v1
U001778,control,2026-02-06,smart_onboarding_v1
U001779,control,2026-06-18,smart_onboarding_v1
U001780,control,2026-02-13,smart_onboarding_v1
U001781,smart_onboarding,2026-01-08,smart_onboarding_v1
U001782,smart_onboarding,2026-01-30,smart_onboarding_v1
U001783,smart_onboarding,2026-01-21,smart_onboarding_v1
U001784,smart_onboarding,2026-05-26,smart_onboarding_v1
U001785,control,2026-01-19,smart_onboarding_v1
U001786,smart_onboarding,2026-03-03,smart_onboarding_v1
U001787,control,2026-02-23,smart_onboarding_v1
U001788,control,2026-06-18,smart_onboarding_v1
U001789,control,2026-02-22,smart_onboarding_v1
U001790,smart_onboarding,2026-02-04,smart_onboarding_v1
U001791,control,2026-02-23,smart_onboarding_v1
U001792,control,2026-04-14,smart_onboarding_v1
U001793,control,2026-02-04,smart_onboarding_v1
U001794,smart_onboarding,2026-05-03,smart_onboarding_v1
U001795,control,2026-03-01,smart_onboarding_v1
U001796,smart_onboarding,2026-04-13,smart_onboarding_v1
U001797,control,2026-06-29,smart_onboarding_v1
U001798,smart_onboarding,2026-02-19,smart_onboarding_v1
U001799,control,2026-05-05,smart_onboarding_v1
U001800,smart_onboarding,2026-06-15,smart_onboarding_v1
U001801,control,2026-01-02,smart_onboarding_v1
U001802,smart_onboarding,2026-03-21,smart_onboarding_v1
U001803,control,2026-01-09,smart_onboarding_v1
U001804,smart_onboarding,2026-04-05,smart_onboarding_v1
U001805,smart_onboarding,2026-01-27,smart_onboarding_v1
U001806,control,2026-06-27,smart_onboarding_v1
U001807,control,2026-01-03,smart_onboarding_v1
U001808,control,2026-01-19,smart_onboarding_v1
U001809,smart_onboarding,2026-01-08,smart_onboarding_v1
U001810,control,2026-06-10,smart_onboarding_v1
U001811,control,2026-01-27,smart_onboarding_v1
U001812,smart_onboarding,2026-04-24,smart_onboarding_v1
U001813,smart_onboarding,2026-01-15,smart_onboarding_v1
U001814,smart_onboarding,2026-05-02,smart_onboarding_v1
U001815,smart_onboarding,2026-05-24,smart_onboarding_v1
U001816,smart_onboarding,2026-02-03,smart_onboarding_v1
U001817,control,2026-01-01,smart_onboarding_v1
U001818,control,2026-05-28,smart_onboarding_v1
U001819,smart_onboarding,2026-02-28,smart_onboarding_v1
U001820,control,2026-04-01,smart_onboarding_v1
U001821,smart_onboarding,2026-05-04,smart_onboarding_v1
U001822,control,2026-01-13,smart_onboarding_v1
U001823,smart_onboarding,2026-05-17,smart_onboarding_v1
U001824,control,2026-03-05,smart_onboarding_v1
U001825,smart_onboarding,2026-04-16,smart_onboarding_v1
U001826,smart_onboarding,2026-05-05,smart_onboarding_v1
U001827,control,2026-03-31,smart_onboarding_v1
U001828,smart_onboarding,2026-02-26,smart_onboarding_v1
U001829,control,2026-06-18,smart_onboarding_v1
U001830,smart_onboarding,2026-01-25,smart_onboarding_v1
U001831,smart_onboarding,2026-04-06,smart_onboarding_v1
U001832,control,2026-05-01,smart_onboarding_v1
U001833,smart_onboarding,2026-04-14,smart_onboarding_v1
U001834,control,2026-04-06,smart_onboarding_v1
U001835,smart_onboarding,2026-06-19,smart_onboarding_v1
U001836,smart_onboarding,2026-03-28,smart_onboarding_v1
U001837,smart_onboarding,2026-01-21,smart_onboarding_v1
U001838,control,2026-05-15,smart_onboarding_v1
U001839,smart_onboarding,2026-03-10,smart_onboarding_v1
U001840,control,2026-06-14,smart_onboarding_v1
U001841,control,2026-05-26,smart_onboarding_v1
U001842,control,2026-03-12,smart_onboarding_v1
U001843,smart_onboarding,2026-02-04,smart_onboarding_v1
U001844,smart_onboarding,2026-02-23,smart_onboarding_v1
U001845,smart_onboarding,2026-05-22,smart_onboarding_v1
U001846,smart_onboarding,2026-01-26,smart_onboarding_v1
U001847,smart_onboarding,2026-05-26,smart_onboarding_v1
U001848,control,2026-02-07,smart_onboarding_v1
U001849,smart_onboarding,2026-05-04,smart_onboarding_v1
U001850,smart_onboarding,2026-01-03,smart_onboarding_v1
U001851,smart_onboarding,2026-06-23,smart_onboarding_v1
U001852,smart_onboarding,2026-05-16,smart_onboarding_v1
U001853,control,2026-02-09,smart_onboarding_v1
U001854,smart_onboarding,2026-03-07,smart_onboarding_v1
U001855,control,2026-03-29,smart_onboarding_v1
U001856,control,2026-05-07,smart_onboarding_v1
U001857,control,2026-01-09,smart_onboarding_v1
U001858,control,2026-07-01,smart_onboarding_v1
U001859,smart_onboarding,2026-01-14,smart_onboarding_v1
U001860,control,2026-01-02,smart_onboarding_v1
U001861,control,2026-06-21,smart_onboarding_v1
U001862,control,2026-01-12,smart_onboarding_v1
U001863,control,2026-04-25,smart_onboarding_v1
U001864,smart_onboarding,2026-03-26,smart_onboarding_v1
U001865,control,2026-06-18,smart_onboarding_v1
U001866,control,2026-05-28,smart_onboarding_v1
U001867,smart_onboarding,2026-05-24,smart_onboarding_v1
U001868,control,2026-02-03,smart_onboarding_v1
U001869,control,2026-05-18,smart_onboarding_v1
U001870,smart_onboarding,2026-01-22,smart_onboarding_v1
U001871,control,2026-01-31,smart_onboarding_v1
U001872,control,2026-02-07,smart_onboarding_v1
U001873,control,2026-02-14,smart_onboarding_v1
U001874,control,2026-01-03,smart_onboarding_v1
U001875,control,2026-04-16,smart_onboarding_v1
U001876,smart_onboarding,2026-06-10,smart_onboarding_v1
U001877,smart_onboarding,2026-02-19,smart_onboarding_v1
U001878,smart_onboarding,2026-05-06,smart_onboarding_v1
U001879,control,2026-04-11,smart_onboarding_v1
U001880,smart_onboarding,2026-03-21,smart_onboarding_v1
U001881,smart_onboarding,2026-01-23,smart_onboarding_v1
U001882,control,2026-03-21,smart_onboarding_v1
U001883,control,2026-05-30,smart_onboarding_v1
U001884,control,2026-04-12,smart_onboarding_v1
U001885,control,2026-03-04,smart_onboarding_v1
U001886,control,2026-05-10,smart_onboarding_v1
U001887,smart_onboarding,2026-04-30,smart_onboarding_v1
U001888,control,2026-06-29,smart_onboarding_v1
U001889,smart_onboarding,2026-03-20,smart_onboarding_v1
U001890,smart_onboarding,2026-03-01,smart_onboarding_v1
U001891,smart_onboarding,2026-03-18,smart_onboarding_v1
U001892,control,2026-04-29,smart_onboarding_v1
U001893,smart_onboarding,2026-01-24,smart_onboarding_v1
U001894,control,2026-06-14,smart_onboarding_v1
U001895,control,2026-02-13,smart_onboarding_v1
U001896,control,2026-06-16,smart_onboarding_v1
U001897,smart_onboarding,2026-03-11,smart_onboarding_v1
U001898,smart_onboarding,2026-06-29,smart_onboarding_v1
U001899,control,2026-04-06,smart_onboarding_v1
U001900,control,2026-04-13,smart_onboarding_v1
U001901,smart_onboarding,2026-01-09,smart_onboarding_v1
U001902,smart_onboarding,2026-01-22,smart_onboarding_v1
U001903,control,2026-05-29,smart_onboarding_v1
U001904,control,2026-01-30,smart_onboarding_v1
U001905,smart_onboarding,2026-05-20,smart_onboarding_v1
U001906,control,2026-01-25,smart_onboarding_v1
U001907,control,2026-06-08,smart_onboarding_v1
U001908,smart_onboarding,2026-05-29,smart_onboarding_v1
U001909,smart_onboarding,2026-05-26,smart_onboarding_v1
U001910,control,2026-05-23,smart_onboarding_v1
U001911,control,2026-06-04,smart_onboarding_v1
U001912,smart_onboarding,2026-04-20,smart_onboarding_v1
U001913,control,2026-06-22,smart_onboarding_v1
U001914,control,2026-02-09,smart_onboarding_v1
U001915,control,2026-03-01,smart_onboarding_v1
U001916,control,2026-05-12,smart_onboarding_v1
U001917,smart_onboarding,2026-06-05,smart_onboarding_v1
U001918,smart_onboarding,2026-05-06,smart_onboarding_v1
U001919,control,2026-05-28,smart_onboarding_v1
U001920,control,2026-01-28,smart_onboarding_v1
U001921,control,2026-02-16,smart_onboarding_v1
U001922,smart_onboarding,2026-04-05,smart_onboarding_v1
U001923,smart_onboarding,2026-04-06,smart_onboarding_v1
U001924,smart_onboarding,2026-06-03,smart_onboarding_v1
U001925,smart_onboarding,2026-05-30,smart_onboarding_v1
U001926,smart_onboarding,2026-05-16,smart_onboarding_v1
U001927,control,2026-03-17,smart_onboarding_v1
U001928,control,2026-05-25,smart_onboarding_v1
U001929,control,2026-05-30,smart_onboarding_v1
U001930,control,2026-01-02,smart_onboarding_v1
U001931,control,2026-02-23,smart_onboarding_v1
U001932,control,2026-04-15,smart_onboarding_v1
U001933,smart_onboarding,2026-02-24,smart_onboarding_v1
U001934,smart_onboarding,2026-05-31,smart_onboarding_v1
U001935,smart_onboarding,2026-04-02,smart_onboarding_v1
U001936,control,2026-01-30,smart_onboarding_v1
U001937,smart_onboarding,2026-06-02,smart_onboarding_v1
U001938,control,2026-05-29,smart_onboarding_v1
U001939,control,2026-05-07,smart_onboarding_v1
U001940,control,2026-05-17,smart_onboarding_v1
U001941,control,2026-06-05,smart_onboarding_v1
U001942,control,2026-03-27,smart_onboarding_v1
U001943,control,2026-02-25,smart_onboarding_v1
U001944,smart_onboarding,2026-02-03,smart_onboarding_v1
U001945,smart_onboarding,2026-02-04,smart_onboarding_v1
U001946,control,2026-03-19,smart_onboarding_v1
U001947,control,2026-02-08,smart_onboarding_v1
U001948,control,2026-05-27,smart_onboarding_v1
U001949,control,2026-05-05,smart_onboarding_v1
U001950,control,2026-02-17,smart_onboarding_v1
U001951,smart_onboarding,2026-03-22,smart_onboarding_v1
U001952,control,2026-05-15,smart_onboarding_v1
U001953,smart_onboarding,2026-03-22,smart_onboarding_v1
U001954,smart_onboarding,2026-04-19,smart_onboarding_v1
U001955,control,2026-02-17,smart_onboarding_v1
U001956,control,2026-04-02,smart_onboarding_v1
U001957,smart_onboarding,2026-04-01,smart_onboarding_v1
U001958,control,2026-01-30,smart_onboarding_v1
U001959,smart_onboarding,2026-06-15,smart_onboarding_v1
U001960,control,2026-01-05,smart_onboarding_v1
U001961,smart_onboarding,2026-01-31,smart_onboarding_v1
U001962,smart_onboarding,2026-05-01,smart_onboarding_v1
U001963,smart_onboarding,2026-05-11,smart_onboarding_v1
U001964,smart_onboarding,2026-06-08,smart_onboarding_v1
U001965,control,2026-02-13,smart_onboarding_v1
U001966,smart_onboarding,2026-04-10,smart_onboarding_v1
U001967,smart_onboarding,2026-03-21,smart_onboarding_v1
U001968,control,2026-05-10,smart_onboarding_v1
U001969,control,2026-01-11,smart_onboarding_v1
U001970,control,2026-06-27,smart_onboarding_v1
U001971,control,2026-02-01,smart_onboarding_v1
U001972,control,2026-06-04,smart_onboarding_v1
U001973,control,2026-06-26,smart_onboarding_v1
U001974,control,2026-05-24,smart_onboarding_v1
U001975,smart_onboarding,2026-04-15,smart_onboarding_v1
U001976,smart_onboarding,2026-04-20,smart_onboarding_v1
U001977,control,2026-01-14,smart_onboarding_v1
U001978,control,2026-04-22,smart_onboarding_v1
U001979,control,2026-03-03,smart_onboarding_v1
U001980,smart_onboarding,2026-02-27,smart_onboarding_v1
U001981,control,2026-04-12,smart_onboarding_v1
U001982,control,2026-02-15,smart_onboarding_v1
U001983,smart_onboarding,2026-02-15,smart_onboarding_v1
U001984,smart_onboarding,2026-02-08,smart_onboarding_v1
U001985,control,2026-03-20,smart_onboarding_v1
U001986,smart_onboarding,2026-02-25,smart_onboarding_v1
U001987,smart_onboarding,2026-04-17,smart_onboarding_v1
U001988,smart_onboarding,2026-03-18,smart_onboarding_v1
U001989,smart_onboarding,2026-02-18,smart_onboarding_v1
U001990,smart_onboarding,2026-05-06,smart_onboarding_v1
U001991,control,2026-06-02,smart_onboarding_v1
U001992,control,2026-02-16,smart_onboarding_v1
U001993,control,2026-03-11,smart_onboarding_v1
U001994,control,2026-02-25,smart_onboarding_v1
U001995,control,2026-06-10,smart_onboarding_v1
U001996,smart_onboarding,2026-06-21,smart_onboarding_v1
U001997,control,2026-03-02,smart_onboarding_v1
U001998,smart_onboarding,2026-04-10,smart_onboarding_v1
U001999,control,2026-06-03,smart_onboarding_v1
U002000,smart_onboarding,2026-03-27,smart_onboarding_v1
U002001,smart_onboarding,2026-04-15,smart_onboarding_v1
U002002,control,2026-05-24,smart_onboarding_v1
U002003,smart_onboarding,2026-01-17,smart_onboarding_v1
U002004,smart_onboarding,2026-04-04,smart_onboarding_v1
U002005,control,2026-02-03,smart_onboarding_v1
U002006,smart_onboarding,2026-03-13,smart_onboarding_v1
U002007,smart_onboarding,2026-06-30,smart_onboarding_v1
U002008,smart_onboarding,2026-06-10,smart_onboarding_v1
U002009,control,2026-03-26,smart_onboarding_v1
U002010,smart_onboarding,2026-01-03,smart_onboarding_v1
U002011,control,2026-04-26,smart_onboarding_v1
U002012,control,2026-01-28,smart_onboarding_v1
U002013,control,2026-05-23,smart_onboarding_v1
U002014,control,2026-05-09,smart_onboarding_v1
U002015,smart_onboarding,2026-04-23,smart_onboarding_v1
U002016,smart_onboarding,2026-05-08,smart_onboarding_v1
U002017,smart_onboarding,2026-02-25,smart_onboarding_v1
U002018,smart_onboarding,2026-05-13,smart_onboarding_v1
U002019,control,2026-05-20,smart_onboarding_v1
U002020,smart_onboarding,2026-04-21,smart_onboarding_v1
U002021,smart_onboarding,2026-01-02,smart_onboarding_v1
U002022,control,2026-01-14,smart_onboarding_v1
U002023,control,2026-04-27,smart_onboarding_v1
U002024,control,2026-01-30,smart_onboarding_v1
U002025,control,2026-03-03,smart_onboarding_v1
U002026,control,2026-01-25,smart_onboarding_v1
U002027,smart_onboarding,2026-06-22,smart_onboarding_v1
U002028,control,2026-05-26,smart_onboarding_v1
U002029,control,2026-05-04,smart_onboarding_v1
U002030,control,2026-06-21,smart_onboarding_v1
U002031,control,2026-02-16,smart_onboarding_v1
U002032,control,2026-04-19,smart_onboarding_v1
U002033,control,2026-03-22,smart_onboarding_v1
U002034,smart_onboarding,2026-06-14,smart_onboarding_v1
U002035,smart_onboarding,2026-06-30,smart_onboarding_v1
U002036,smart_onboarding,2026-04-23,smart_onboarding_v1
U002037,control,2026-02-27,smart_onboarding_v1
U002038,smart_onboarding,2026-06-12,smart_onboarding_v1
U002039,smart_onboarding,2026-03-22,smart_onboarding_v1
U002040,smart_onboarding,2026-01-28,smart_onboarding_v1
U002041,smart_onboarding,2026-04-22,smart_onboarding_v1
U002042,smart_onboarding,2026-02-19,smart_onboarding_v1
U002043,control,2026-05-13,smart_onboarding_v1
U002044,smart_onboarding,2026-01-24,smart_onboarding_v1
U002045,control,2026-03-21,smart_onboarding_v1
U002046,smart_onboarding,2026-01-10,smart_onboarding_v1
U002047,smart_onboarding,2026-06-13,smart_onboarding_v1
U002048,control,2026-03-26,smart_onboarding_v1
U002049,smart_onboarding,2026-03-28,smart_onboarding_v1
U002050,smart_onboarding,2026-05-24,smart_onboarding_v1
U002051,smart_onboarding,2026-05-13,smart_onboarding_v1
U002052,smart_onboarding,2026-03-27,smart_onboarding_v1
U002053,smart_onboarding,2026-03-03,smart_onboarding_v1
U002054,smart_onboarding,2026-03-07,smart_onboarding_v1
U002055,control,2026-06-07,smart_onboarding_v1
U002056,smart_onboarding,2026-01-27,smart_onboarding_v1
U002057,smart_onboarding,2026-02-16,smart_onboarding_v1
U002058,smart_onboarding,2026-01-19,smart_onboarding_v1
U002059,smart_onboarding,2026-01-08,smart_onboarding_v1
U002060,smart_onboarding,2026-05-02,smart_onboarding_v1
U002061,control,2026-06-17,smart_onboarding_v1
U002062,smart_onboarding,2026-06-06,smart_onboarding_v1
U002063,smart_onboarding,2026-06-14,smart_onboarding_v1
U002064,smart_onboarding,2026-04-14,smart_onboarding_v1
U002065,control,2026-05-04,smart_onboarding_v1
U002066,control,2026-06-18,smart_onboarding_v1
U002067,smart_onboarding,2026-06-16,smart_onboarding_v1
U002068,smart_onboarding,2026-01-23,smart_onboarding_v1
U002069,smart_onboarding,2026-04-01,smart_onboarding_v1
U002070,smart_onboarding,2026-04-07,smart_onboarding_v1
U002071,smart_onboarding,2026-05-26,smart_onboarding_v1
U002072,smart_onboarding,2026-01-25,smart_onboarding_v1
U002073,smart_onboarding,2026-01-27,smart_onboarding_v1
U002074,control,2026-06-27,smart_onboarding_v1
U002075,control,2026-03-27,smart_onboarding_v1
U002076,smart_onboarding,2026-06-19,smart_onboarding_v1
U002077,control,2026-06-02,smart_onboarding_v1
U002078,control,2026-05-28,smart_onboarding_v1
U002079,smart_onboarding,2026-01-26,smart_onboarding_v1
U002080,smart_onboarding,2026-04-30,smart_onboarding_v1
U002081,control,2026-05-28,smart_onboarding_v1
U002082,control,2026-02-22,smart_onboarding_v1
U002083,control,2026-01-22,smart_onboarding_v1
U002084,control,2026-02-09,smart_onboarding_v1
U002085,control,2026-01-10,smart_onboarding_v1
U002086,smart_onboarding,2026-02-08,smart_onboarding_v1
U002087,smart_onboarding,2026-03-27,smart_onboarding_v1
U002088,control,2026-04-14,smart_onboarding_v1
U002089,smart_onboarding,2026-01-17,smart_onboarding_v1
U002090,smart_onboarding,2026-02-23,smart_onboarding_v1
U002091,smart_onboarding,2026-06-12,smart_onboarding_v1
U002092,smart_onboarding,2026-04-09,smart_onboarding_v1
U002093,control,2026-01-18,smart_onboarding_v1
U002094,control,2026-06-23,smart_onboarding_v1
U002095,smart_onboarding,2026-06-03,smart_onboarding_v1
U002096,smart_onboarding,2026-03-25,smart_onboarding_v1
U002097,control,2026-04-28,smart_onboarding_v1
U002098,control,2026-01-17,smart_onboarding_v1
U002099,control,2026-04-16,smart_onboarding_v1
U002100,smart_onboarding,2026-04-17,smart_onboarding_v1
U002101,control,2026-06-20,smart_onboarding_v1
U002102,control,2026-04-29,smart_onboarding_v1
U002103,smart_onboarding,2026-06-14,smart_onboarding_v1
U002104,smart_onboarding,2026-01-05,smart_onboarding_v1
U002105,smart_onboarding,2026-03-27,smart_onboarding_v1
U002106,smart_onboarding,2026-04-26,smart_onboarding_v1
U002107,control,2026-04-15,smart_onboarding_v1
U002108,smart_onboarding,2026-04-27,smart_onboarding_v1
U002109,smart_onboarding,2026-06-08,smart_onboarding_v1
U002110,smart_onboarding,2026-05-25,smart_onboarding_v1
U002111,smart_onboarding,2026-03-26,smart_onboarding_v1
U002112,control,2026-05-09,smart_onboarding_v1
U002113,control,2026-05-17,smart_onboarding_v1
U002114,control,2026-01-12,smart_onboarding_v1
U002115,smart_onboarding,2026-04-25,smart_onboarding_v1
U002116,smart_onboarding,2026-02-22,smart_onboarding_v1
U002117,smart_onboarding,2026-04-29,smart_onboarding_v1
U002118,smart_onboarding,2026-02-15,smart_onboarding_v1
U002119,control,2026-04-06,smart_onboarding_v1
U002120,smart_onboarding,2026-05-28,smart_onboarding_v1
U002121,smart_onboarding,2026-05-14,smart_onboarding_v1
U002122,smart_onboarding,2026-06-17,smart_onboarding_v1
U002123,smart_onboarding,2026-01-17,smart_onboarding_v1
U002124,smart_onboarding,2026-05-14,smart_onboarding_v1
U002125,control,2026-05-11,smart_onboarding_v1
U002126,smart_onboarding,2026-05-23,smart_onboarding_v1
U002127,smart_onboarding,2026-02-06,smart_onboarding_v1
U002128,smart_onboarding,2026-01-20,smart_onboarding_v1
U002129,control,2026-06-13,smart_onboarding_v1
U002130,control,2026-02-03,smart_onboarding_v1
U002131,smart_onboarding,2026-03-01,smart_onboarding_v1
U002132,smart_onboarding,2026-02-21,smart_onboarding_v1
U002133,control,2026-05-18,smart_onboarding_v1
U002134,control,2026-05-31,smart_onboarding_v1
U002135,control,2026-03-05,smart_onboarding_v1
U002136,smart_onboarding,2026-06-24,smart_onboarding_v1
U002137,smart_onboarding,2026-01-16,smart_onboarding_v1
U002138,smart_onboarding,2026-04-30,smart_onboarding_v1
U002139,smart_onboarding,2026-02-11,smart_onboarding_v1
U002140,smart_onboarding,2026-05-02,smart_onboarding_v1
U002141,smart_onboarding,2026-04-30,smart_onboarding_v1
U002142,smart_onboarding,2026-05-11,smart_onboarding_v1
U002143,smart_onboarding,2026-02-12,smart_onboarding_v1
U002144,control,2026-01-23,smart_onboarding_v1
U002145,smart_onboarding,2026-01-28,smart_onboarding_v1
U002146,control,2026-04-06,smart_onboarding_v1
U002147,control,2026-06-27,smart_onboarding_v1
U002148,smart_onboarding,2026-04-23,smart_onboarding_v1
U002149,control,2026-03-08,smart_onboarding_v1
U002150,smart_onboarding,2026-01-19,smart_onboarding_v1
U002151,smart_onboarding,2026-01-16,smart_onboarding_v1
U002152,control,2026-05-10,smart_onboarding_v1
U002153,control,2026-06-05,smart_onboarding_v1
U002154,control,2026-01-26,smart_onboarding_v1
U002155,control,2026-03-31,smart_onboarding_v1
U002156,smart_onboarding,2026-02-25,smart_onboarding_v1
U002157,smart_onboarding,2026-04-19,smart_onboarding_v1
U002158,control,2026-02-01,smart_onboarding_v1
U002159,smart_onboarding,2026-06-23,smart_onboarding_v1
U002160,smart_onboarding,2026-05-17,smart_onboarding_v1
U002161,smart_onboarding,2026-04-25,smart_onboarding_v1
U002162,smart_onboarding,2026-02-22,smart_onboarding_v1
U002163,smart_onboarding,2026-04-26,smart_onboarding_v1
U002164,smart_onboarding,2026-05-13,smart_onboarding_v1
U002165,smart_onboarding,2026-03-13,smart_onboarding_v1
U002166,smart_onboarding,2026-05-09,smart_onboarding_v1
U002167,smart_onboarding,2026-01-26,smart_onboarding_v1
U002168,control,2026-05-31,smart_onboarding_v1
U002169,smart_onboarding,2026-03-07,smart_onboarding_v1
U002170,smart_onboarding,2026-06-19,smart_onboarding_v1
U002171,smart_onboarding,2026-04-15,smart_onboarding_v1
U002172,control,2026-05-19,smart_onboarding_v1
U002173,smart_onboarding,2026-06-26,smart_onboarding_v1
U002174,smart_onboarding,2026-05-27,smart_onboarding_v1
U002175,control,2026-05-31,smart_onboarding_v1
U002176,smart_onboarding,2026-02-19,smart_onboarding_v1
U002177,control,2026-04-08,smart_onboarding_v1
U002178,control,2026-02-17,smart_onboarding_v1
U002179,smart_onboarding,2026-04-20,smart_onboarding_v1
U002180,control,2026-01-25,smart_onboarding_v1
U002181,control,2026-06-01,smart_onboarding_v1
U002182,smart_onboarding,2026-01-22,smart_onboarding_v1
U002183,smart_onboarding,2026-01-05,smart_onboarding_v1
U002184,smart_onboarding,2026-03-04,smart_onboarding_v1
U002185,control,2026-06-24,smart_onboarding_v1
U002186,control,2026-04-28,smart_onboarding_v1
U002187,smart_onboarding,2026-04-20,smart_onboarding_v1
U002188,control,2026-02-10,smart_onboarding_v1
U002189,smart_onboarding,2026-03-26,smart_onboarding_v1
U002190,control,2026-06-28,smart_onboarding_v1
U002191,smart_onboarding,2026-06-17,smart_onboarding_v1
U002192,control,2026-06-09,smart_onboarding_v1
U002193,smart_onboarding,2026-06-02,smart_onboarding_v1
U002194,smart_onboarding,2026-05-07,smart_onboarding_v1
U002195,smart_onboarding,2026-01-22,smart_onboarding_v1
U002196,control,2026-03-10,smart_onboarding_v1
U002197,control,2026-01-17,smart_onboarding_v1
U002198,control,2026-03-10,smart_onboarding_v1
U002199,control,2026-01-05,smart_onboarding_v1
U002200,control,2026-05-29,smart_onboarding_v1
U002201,smart_onboarding,2026-05-23,smart_onboarding_v1
U002202,smart_onboarding,2026-06-10,smart_onboarding_v1
U002203,control,2026-03-04,smart_onboarding_v1
U002204,control,2026-06-15,smart_onboarding_v1
U002205,smart_onboarding,2026-01-15,smart_onboarding_v1
U002206,smart_onboarding,2026-04-09,smart_onboarding_v1
U002207,smart_onboarding,2026-02-18,smart_onboarding_v1
U002208,smart_onboarding,2026-06-11,smart_onboarding_v1
U002209,control,2026-03-20,smart_onboarding_v1
U002210,smart_onboarding,2026-05-17,smart_onboarding_v1
U002211,smart_onboarding,2026-03-02,smart_onboarding_v1
U002212,smart_onboarding,2026-03-04,smart_onboarding_v1
U002213,smart_onboarding,2026-03-04,smart_onboarding_v1
U002214,smart_onboarding,2026-03-05,smart_onboarding_v1
U002215,control,2026-02-23,smart_onboarding_v1
U002216,smart_onboarding,2026-05-08,smart_onboarding_v1
U002217,control,2026-03-28,smart_onboarding_v1
U002218,control,2026-04-20,smart_onboarding_v1
U002219,control,2026-01-26,smart_onboarding_v1
U002220,smart_onboarding,2026-06-06,smart_onboarding_v1
U002221,smart_onboarding,2026-02-03,smart_onboarding_v1
U002222,smart_onboarding,2026-04-29,smart_onboarding_v1
U002223,control,2026-03-18,smart_onboarding_v1
U002224,smart_onboarding,2026-01-04,smart_onboarding_v1
U002225,smart_onboarding,2026-02-09,smart_onboarding_v1
U002226,smart_onboarding,2026-02-26,smart_onboarding_v1
U002227,smart_onboarding,2026-05-18,smart_onboarding_v1
U002228,control,2026-06-20,smart_onboarding_v1
U002229,control,2026-03-01,smart_onboarding_v1
U002230,control,2026-06-24,smart_onboarding_v1
U002231,control,2026-04-04,smart_onboarding_v1
U002232,control,2026-02-02,smart_onboarding_v1
U002233,smart_onboarding,2026-01-03,smart_onboarding_v1
U002234,smart_onboarding,2026-01-16,smart_onboarding_v1
U002235,smart_onboarding,2026-05-31,smart_onboarding_v1
U002236,smart_onboarding,2026-01-19,smart_onboarding_v1
U002237,control,2026-06-09,smart_onboarding_v1
U002238,smart_onboarding,2026-06-29,smart_onboarding_v1
U002239,control,2026-06-30,smart_onboarding_v1
U002240,smart_onboarding,2026-02-20,smart_onboarding_v1
U002241,smart_onboarding,2026-03-30,smart_onboarding_v1
U002242,control,2026-01-26,smart_onboarding_v1
U002243,control,2026-04-19,smart_onboarding_v1
U002244,smart_onboarding,2026-02-23,smart_onboarding_v1
U002245,control,2026-02-07,smart_onboarding_v1
U002246,control,2026-05-14,smart_onboarding_v1
U002247,control,2026-04-26,smart_onboarding_v1
U002248,control,2026-01-02,smart_onboarding_v1
U002249,control,2026-04-30,smart_onboarding_v1
U002250,smart_onboarding,2026-01-22,smart_onboarding_v1
U002251,control,2026-04-30,smart_onboarding_v1
U002252,smart_onboarding,2026-03-15,smart_onboarding_v1
U002253,smart_onboarding,2026-03-19,smart_onboarding_v1
U002254,smart_onboarding,2026-05-21,smart_onboarding_v1
U002255,smart_onboarding,2026-02-01,smart_onboarding_v1
U002256,smart_onboarding,2026-04-04,smart_onboarding_v1
U002257,control,2026-05-29,smart_onboarding_v1
U002258,smart_onboarding,2026-04-20,smart_onboarding_v1
U002259,control,2026-06-12,smart_onboarding_v1
U002260,smart_onboarding,2026-02-24,smart_onboarding_v1
U002261,smart_onboarding,2026-03-04,smart_onboarding_v1
U002262,control,2026-06-23,smart_onboarding_v1
U002263,smart_onboarding,2026-06-18,smart_onboarding_v1
U002264,smart_onboarding,2026-06-12,smart_onboarding_v1
U002265,control,2026-01-13,smart_onboarding_v1
U002266,smart_onboarding,2026-06-16,smart_onboarding_v1
U002267,control,2026-02-19,smart_onboarding_v1
U002268,smart_onboarding,2026-02-27,smart_onboarding_v1
U002269,smart_onboarding,2026-05-25,smart_onboarding_v1
U002270,smart_onboarding,2026-01-10,smart_onboarding_v1
U002271,control,2026-04-03,smart_onboarding_v1
U002272,control,2026-03-08,smart_onboarding_v1
U002273,smart_onboarding,2026-06-09,smart_onboarding_v1
U002274,control,2026-05-05,smart_onboarding_v1
U002275,smart_onboarding,2026-03-15,smart_onboarding_v1
U002276,control,2026-01-31,smart_onboarding_v1
U002277,smart_onboarding,2026-01-02,smart_onboarding_v1
U002278,control,2026-02-19,smart_onboarding_v1
U002279,control,2026-01-06,smart_onboarding_v1
U002280,smart_onboarding,2026-06-04,smart_onboarding_v1
U002281,smart_onboarding,2026-05-17,smart_onboarding_v1
U002282,control,2026-03-23,smart_onboarding_v1
U002283,smart_onboarding,2026-03-07,smart_onboarding_v1
U002284,smart_onboarding,2026-03-14,smart_onboarding_v1
U002285,control,2026-03-18,smart_onboarding_v1
U002286,smart_onboarding,2026-01-09,smart_onboarding_v1
U002287,control,2026-01-19,smart_onboarding_v1
U002288,control,2026-01-21,smart_onboarding_v1
U002289,smart_onboarding,2026-04-14,smart_onboarding_v1
U002290,control,2026-05-07,smart_onboarding_v1
U002291,smart_onboarding,2026-01-23,smart_onboarding_v1
U002292,smart_onboarding,2026-04-13,smart_onboarding_v1
U002293,smart_onboarding,2026-05-10,smart_onboarding_v1
U002294,control,2026-04-09,smart_onboarding_v1
U002295,smart_onboarding,2026-06-15,smart_onboarding_v1
U002296,smart_onboarding,2026-03-07,smart_onboarding_v1
U002297,smart_onboarding,2026-01-25,smart_onboarding_v1
U002298,smart_onboarding,2026-02-27,smart_onboarding_v1
U002299,smart_onboarding,2026-04-09,smart_onboarding_v1
U002300,control,2026-04-03,smart_onboarding_v1
U002301,smart_onboarding,2026-02-26,smart_onboarding_v1
U002302,control,2026-04-28,smart_onboarding_v1
U002303,smart_onboarding,2026-04-07,smart_onboarding_v1
U002304,smart_onboarding,2026-02-21,smart_onboarding_v1
U002305,control,2026-06-25,smart_onboarding_v1
U002306,smart_onboarding,2026-06-11,smart_onboarding_v1
U002307,smart_onboarding,2026-01-12,smart_onboarding_v1
U002308,control,2026-04-19,smart_onboarding_v1
U002309,smart_onboarding,2026-04-19,smart_onboarding_v1
U002310,control,2026-03-19,smart_onboarding_v1
U002311,control,2026-02-14,smart_onboarding_v1
U002312,smart_onboarding,2026-02-04,smart_onboarding_v1
U002313,control,2026-02-01,smart_onboarding_v1
U002314,control,2026-03-17,smart_onboarding_v1
U002315,smart_onboarding,2026-05-04,smart_onboarding_v1
U002316,smart_onboarding,2026-01-26,smart_onboarding_v1
U002317,control,2026-02-23,smart_onboarding_v1
U002318,smart_onboarding,2026-01-29,smart_onboarding_v1
U002319,control,2026-02-09,smart_onboarding_v1
U002320,control,2026-05-27,smart_onboarding_v1
U002321,smart_onboarding,2026-04-25,smart_onboarding_v1
U002322,smart_onboarding,2026-06-29,smart_onboarding_v1
U002323,smart_onboarding,2026-02-12,smart_onboarding_v1
U002324,control,2026-03-26,smart_onboarding_v1
U002325,smart_onboarding,2026-05-04,smart_onboarding_v1
U002326,control,2026-04-15,smart_onboarding_v1
U002327,smart_onboarding,2026-02-11,smart_onboarding_v1
U002328,smart_onboarding,2026-01-08,smart_onboarding_v1
U002329,control,2026-05-28,smart_onboarding_v1
U002330,control,2026-06-20,smart_onboarding_v1
U002331,control,2026-02-01,smart_onboarding_v1
U002332,control,2026-05-26,smart_onboarding_v1
U002333,smart_onboarding,2026-01-11,smart_onboarding_v1
U002334,control,2026-01-31,smart_onboarding_v1
U002335,control,2026-02-05,smart_onboarding_v1
U002336,smart_onboarding,2026-04-09,smart_onboarding_v1
U002337,control,2026-04-09,smart_onboarding_v1
U002338,smart_onboarding,2026-04-13,smart_onboarding_v1
U002339,smart_onboarding,2026-04-15,smart_onboarding_v1
U002340,smart_onboarding,2026-05-21,smart_onboarding_v1
U002341,control,2026-03-23,smart_onboarding_v1
U002342,control,2026-01-09,smart_onboarding_v1
U002343,smart_onboarding,2026-01-08,smart_onboarding_v1
U002344,control,2026-03-05,smart_onboarding_v1
U002345,control,2026-04-25,smart_onboarding_v1
U002346,control,2026-03-19,smart_onboarding_v1
U002347,smart_onboarding,2026-02-26,smart_onboarding_v1
U002348,control,2026-04-22,smart_onboarding_v1
U002349,control,2026-01-18,smart_onboarding_v1
U002350,smart_onboarding,2026-03-08,smart_onboarding_v1
U002351,smart_onboarding,2026-04-25,smart_onboarding_v1
U002352,smart_onboarding,2026-04-19,smart_onboarding_v1
U002353,control,2026-03-02,smart_onboarding_v1
U002354,control,2026-03-16,smart_onboarding_v1
U002355,smart_onboarding,2026-02-02,smart_onboarding_v1
U002356,control,2026-04-17,smart_onboarding_v1
U002357,control,2026-04-24,smart_onboarding_v1
U002358,control,2026-06-20,smart_onboarding_v1
U002359,control,2026-04-12,smart_onboarding_v1
U002360,control,2026-01-15,smart_onboarding_v1
U002361,control,2026-06-06,smart_onboarding_v1
U002362,control,2026-03-05,smart_onboarding_v1
U002363,smart_onboarding,2026-06-17,smart_onboarding_v1
U002364,smart_onboarding,2026-01-07,smart_onboarding_v1
U002365,smart_onboarding,2026-05-19,smart_onboarding_v1
U002366,control,2026-01-27,smart_onboarding_v1
U002367,smart_onboarding,2026-01-18,smart_onboarding_v1
U002368,smart_onboarding,2026-04-29,smart_onboarding_v1
U002369,smart_onboarding,2026-03-20,smart_onboarding_v1
U002370,control,2026-04-20,smart_onboarding_v1
U002371,control,2026-02-06,smart_onboarding_v1
U002372,smart_onboarding,2026-01-31,smart_onboarding_v1
U002373,smart_onboarding,2026-06-11,smart_onboarding_v1
U002374,smart_onboarding,2026-04-06,smart_onboarding_v1
U002375,smart_onboarding,2026-05-16,smart_onboarding_v1
U002376,smart_onboarding,2026-04-27,smart_onboarding_v1
U002377,control,2026-01-15,smart_onboarding_v1
U002378,control,2026-03-07,smart_onboarding_v1
U002379,smart_onboarding,2026-02-15,smart_onboarding_v1
U002380,control,2026-02-01,smart_onboarding_v1
U002381,smart_onboarding,2026-04-10,smart_onboarding_v1
U002382,smart_onboarding,2026-03-22,smart_onboarding_v1
U002383,control,2026-06-21,smart_onboarding_v1
U002384,smart_onboarding,2026-05-27,smart_onboarding_v1
U002385,smart_onboarding,2026-03-19,smart_onboarding_v1
U002386,smart_onboarding,2026-06-06,smart_onboarding_v1
U002387,smart_onboarding,2026-01-20,smart_onboarding_v1
U002388,control,2026-05-09,smart_onboarding_v1
U002389,control,2026-05-03,smart_onboarding_v1
U002390,smart_onboarding,2026-05-02,smart_onboarding_v1
U002391,smart_onboarding,2026-01-13,smart_onboarding_v1
U002392,control,2026-03-29,smart_onboarding_v1
U002393,smart_onboarding,2026-03-09,smart_onboarding_v1
U002394,control,2026-01-03,smart_onboarding_v1
U002395,control,2026-06-23,smart_onboarding_v1
U002396,smart_onboarding,2026-05-04,smart_onboarding_v1
U002397,smart_onboarding,2026-01-13,smart_onboarding_v1
U002398,control,2026-06-15,smart_onboarding_v1
U002399,control,2026-06-21,smart_onboarding_v1
U002400,control,2026-02-28,smart_onboarding_v1
U002401,smart_onboarding,2026-02-06,smart_onboarding_v1
U002402,smart_onboarding,2026-05-09,smart_onboarding_v1
U002403,control,2026-03-21,smart_onboarding_v1
U002404,smart_onboarding,2026-04-26,smart_onboarding_v1
U002405,smart_onboarding,2026-03-02,smart_onboarding_v1
U002406,control,2026-01-17,smart_onboarding_v1
U002407,smart_onboarding,2026-02-01,smart_onboarding_v1
U002408,smart_onboarding,2026-02-27,smart_onboarding_v1
U002409,smart_onboarding,2026-02-12,smart_onboarding_v1
U002410,smart_onboarding,2026-04-20,smart_onboarding_v1
U002411,control,2026-05-06,smart_onboarding_v1
U002412,control,2026-04-05,smart_onboarding_v1
U002413,control,2026-01-30,smart_onboarding_v1
U002414,control,2026-03-09,smart_onboarding_v1
U002415,control,2026-04-12,smart_onboarding_v1
U002416,control,2026-01-07,smart_onboarding_v1
U002417,smart_onboarding,2026-02-19,smart_onboarding_v1
U002418,smart_onboarding,2026-04-14,smart_onboarding_v1
U002419,control,2026-03-10,smart_onboarding_v1
U002420,smart_onboarding,2026-01-01,smart_onboarding_v1
U002421,smart_onboarding,2026-01-19,smart_onboarding_v1
U002422,smart_onboarding,2026-01-04,smart_onboarding_v1
U002423,control,2026-01-27,smart_onboarding_v1
U002424,control,2026-04-02,smart_onboarding_v1
U002425,smart_onboarding,2026-04-09,smart_onboarding_v1
U002426,smart_onboarding,2026-05-20,smart_onboarding_v1
U002427,control,2026-02-28,smart_onboarding_v1
U002428,smart_onboarding,2026-06-17,smart_onboarding_v1
U002429,control,2026-02-26,smart_onboarding_v1
U002430,control,2026-02-06,smart_onboarding_v1
U002431,smart_onboarding,2026-06-10,smart_onboarding_v1
U002432,control,2026-04-25,smart_onboarding_v1
U002433,control,2026-02-27,smart_onboarding_v1
U002434,control,2026-05-25,smart_onboarding_v1
U002435,control,2026-04-19,smart_onboarding_v1
U002436,smart_onboarding,2026-02-07,smart_onboarding_v1
U002437,smart_onboarding,2026-05-10,smart_onboarding_v1
U002438,smart_onboarding,2026-06-09,smart_onboarding_v1
U002439,smart_onboarding,2026-04-07,smart_onboarding_v1
U002440,smart_onboarding,2026-01-11,smart_onboarding_v1
U002441,control,2026-05-10,smart_onboarding_v1
U002442,control,2026-05-27,smart_onboarding_v1
U002443,smart_onboarding,2026-04-12,smart_onboarding_v1
U002444,control,2026-02-04,smart_onboarding_v1
U002445,control,2026-06-19,smart_onboarding_v1
U002446,control,2026-06-20,smart_onboarding_v1
U002447,smart_onboarding,2026-01-31,smart_onboarding_v1
U002448,control,2026-04-21,smart_onboarding_v1
U002449,smart_onboarding,2026-04-25,smart_onboarding_v1
U002450,smart_onboarding,2026-04-27,smart_onboarding_v1
U002451,smart_onboarding,2026-02-05,smart_onboarding_v1
U002452,smart_onboarding,2026-01-19,smart_onboarding_v1
U002453,smart_onboarding,2026-06-24,smart_onboarding_v1
U002454,control,2026-06-05,smart_onboarding_v1
U002455,smart_onboarding,2026-04-13,smart_onboarding_v1
U002456,smart_onboarding,2026-02-18,smart_onboarding_v1
U002457,smart_onboarding,2026-01-02,smart_onboarding_v1
U002458,control,2026-04-05,smart_onboarding_v1
U002459,control,2026-01-30,smart_onboarding_v1
U002460,smart_onboarding,2026-01-24,smart_onboarding_v1
U002461,control,2026-05-04,smart_onboarding_v1
U002462,control,2026-06-11,smart_onboarding_v1
U002463,control,2026-04-15,smart_onboarding_v1
U002464,control,2026-04-11,smart_onboarding_v1
U002465,control,2026-06-07,smart_onboarding_v1
U002466,control,2026-05-29,smart_onboarding_v1
U002467,smart_onboarding,2026-05-07,smart_onboarding_v1
U002468,control,2026-01-25,smart_onboarding_v1
U002469,control,2026-01-03,smart_onboarding_v1
U002470,smart_onboarding,2026-05-06,smart_onboarding_v1
U002471,smart_onboarding,2026-05-03,smart_onboarding_v1
U002472,control,2026-06-03,smart_onboarding_v1
U002473,control,2026-06-08,smart_onboarding_v1
U002474,smart_onboarding,2026-06-05,smart_onboarding_v1
U002475,smart_onboarding,2026-01-21,smart_onboarding_v1
U002476,smart_onboarding,2026-01-08,smart_onboarding_v1
U002477,smart_onboarding,2026-03-23,smart_onboarding_v1
U002478,smart_onboarding,2026-03-07,smart_onboarding_v1
U002479,smart_onboarding,2026-02-04,smart_onboarding_v1
U002480,control,2026-02-18,smart_onboarding_v1
U002481,control,2026-05-05,smart_onboarding_v1
U002482,smart_onboarding,2026-05-28,smart_onboarding_v1
U002483,smart_onboarding,2026-03-01,smart_onboarding_v1
U002484,smart_onboarding,2026-03-15,smart_onboarding_v1
U002485,smart_onboarding,2026-05-28,smart_onboarding_v1
U002486,smart_onboarding,2026-06-11,smart_onboarding_v1
U002487,smart_onboarding,2026-01-23,smart_onboarding_v1
U002488,control,2026-04-01,smart_onboarding_v1
U002489,control,2026-04-11,smart_onboarding_v1
U002490,control,2026-06-07,smart_onboarding_v1
U002491,control,2026-02-19,smart_onboarding_v1
U002492,control,2026-02-01,smart_onboarding_v1
U002493,smart_onboarding,2026-06-12,smart_onboarding_v1
U002494,control,2026-05-29,smart_onboarding_v1
U002495,control,2026-05-11,smart_onboarding_v1
U002496,control,2026-05-05,smart_onboarding_v1
U002497,control,2026-01-05,smart_onboarding_v1
U002498,control,2026-05-24,smart_onboarding_v1
U002499,control,2026-01-20,smart_onboarding_v1
U002500,control,2026-06-29,smart_onboarding_v1
U002501,control,2026-02-15,smart_onboarding_v1
U002502,control,2026-05-21,smart_onboarding_v1
U002503,control,2026-05-10,smart_onboarding_v1
U002504,control,2026-05-16,smart_onboarding_v1
U002505,control,2026-01-18,smart_onboarding_v1
U002506,control,2026-01-04,smart_onboarding_v1
U002507,control,2026-04-18,smart_onboarding_v1
U002508,smart_onboarding,2026-01-15,smart_onboarding_v1
U002509,control,2026-01-12,smart_onboarding_v1
U002510,smart_onboarding,2026-05-25,smart_onboarding_v1
U002511,smart_onboarding,2026-04-08,smart_onboarding_v1
U002512,smart_onboarding,2026-02-15,smart_onboarding_v1
U002513,smart_onboarding,2026-05-30,smart_onboarding_v1
U002514,smart_onboarding,2026-04-04,smart_onboarding_v1
U002515,smart_onboarding,2026-06-24,smart_onboarding_v1
U002516,control,2026-04-08,smart_onboarding_v1
U002517,smart_onboarding,2026-02-04,smart_onboarding_v1
U002518,smart_onboarding,2026-05-10,smart_onboarding_v1
U002519,control,2026-03-03,smart_onboarding_v1
U002520,control,2026-01-16,smart_onboarding_v1
U002521,control,2026-04-21,smart_onboarding_v1
U002522,smart_onboarding,2026-05-20,smart_onboarding_v1
U002523,smart_onboarding,2026-04-26,smart_onboarding_v1
U002524,smart_onboarding,2026-04-14,smart_onboarding_v1
U002525,smart_onboarding,2026-03-09,smart_onboarding_v1
U002526,control,2026-01-01,smart_onboarding_v1
U002527,control,2026-05-15,smart_onboarding_v1
U002528,smart_onboarding,2026-05-10,smart_onboarding_v1
U002529,control,2026-05-24,smart_onboarding_v1
U002530,smart_onboarding,2026-02-01,smart_onboarding_v1
U002531,control,2026-01-14,smart_onboarding_v1
U002532,smart_onboarding,2026-06-02,smart_onboarding_v1
U002533,smart_onboarding,2026-03-13,smart_onboarding_v1
U002534,smart_onboarding,2026-02-04,smart_onboarding_v1
U002535,smart_onboarding,2026-06-19,smart_onboarding_v1
U002536,smart_onboarding,2026-02-18,smart_onboarding_v1
U002537,smart_onboarding,2026-05-12,smart_onboarding_v1
U002538,control,2026-02-14,smart_onboarding_v1
U002539,smart_onboarding,2026-01-27,smart_onboarding_v1
U002540,smart_onboarding,2026-06-05,smart_onboarding_v1
U002541,smart_onboarding,2026-01-08,smart_onboarding_v1
U002542,control,2026-06-30,smart_onboarding_v1
U002543,control,2026-03-10,smart_onboarding_v1
U002544,control,2026-04-06,smart_onboarding_v1
U002545,smart_onboarding,2026-05-10,smart_onboarding_v1
U002546,smart_onboarding,2026-05-29,smart_onboarding_v1
U002547,control,2026-03-05,smart_onboarding_v1
U002548,control,2026-05-28,smart_onboarding_v1
U002549,smart_onboarding,2026-06-18,smart_onboarding_v1
U002550,control,2026-03-25,smart_onboarding_v1
U002551,smart_onboarding,2026-05-27,smart_onboarding_v1
U002552,smart_onboarding,2026-03-12,smart_onboarding_v1
U002553,smart_onboarding,2026-05-01,smart_onboarding_v1
U002554,control,2026-02-21,smart_onboarding_v1
U002555,smart_onboarding,2026-05-27,smart_onboarding_v1
U002556,smart_onboarding,2026-03-22,smart_onboarding_v1
U002557,smart_onboarding,2026-06-16,smart_onboarding_v1
U002558,smart_onboarding,2026-03-27,smart_onboarding_v1
U002559,smart_onboarding,2026-05-11,smart_onboarding_v1
U002560,control,2026-02-06,smart_onboarding_v1
U002561,smart_onboarding,2026-03-09,smart_onboarding_v1
U002562,control,2026-02-15,smart_onboarding_v1
U002563,control,2026-04-25,smart_onboarding_v1
U002564,smart_onboarding,2026-01-05,smart_onboarding_v1
U002565,smart_onboarding,2026-06-02,smart_onboarding_v1
U002566,smart_onboarding,2026-02-12,smart_onboarding_v1
U002567,smart_onboarding,2026-06-15,smart_onboarding_v1
U002568,control,2026-06-02,smart_onboarding_v1
U002569,control,2026-04-01,smart_onboarding_v1
U002570,control,2026-06-22,smart_onboarding_v1
U002571,control,2026-05-11,smart_onboarding_v1
U002572,control,2026-04-24,smart_onboarding_v1
U002573,control,2026-04-10,smart_onboarding_v1
U002574,smart_onboarding,2026-01-07,smart_onboarding_v1
U002575,control,2026-04-17,smart_onboarding_v1
U002576,smart_onboarding,2026-04-05,smart_onboarding_v1
U002577,control,2026-02-14,smart_onboarding_v1
U002578,control,2026-04-01,smart_onboarding_v1
U002579,smart_onboarding,2026-03-23,smart_onboarding_v1
U002580,smart_onboarding,2026-06-08,smart_onboarding_v1
U002581,control,2026-05-26,smart_onboarding_v1
U002582,control,2026-01-22,smart_onboarding_v1
U002583,smart_onboarding,2026-05-19,smart_onboarding_v1
U002584,control,2026-03-14,smart_onboarding_v1
U002585,smart_onboarding,2026-04-01,smart_onboarding_v1
U002586,control,2026-04-16,smart_onboarding_v1
U002587,control,2026-04-12,smart_onboarding_v1
U002588,control,2026-01-15,smart_onboarding_v1
U002589,control,2026-03-04,smart_onboarding_v1
U002590,control,2026-03-03,smart_onboarding_v1
U002591,smart_onboarding,2026-06-10,smart_onboarding_v1
U002592,smart_onboarding,2026-05-17,smart_onboarding_v1
U002593,smart_onboarding,2026-02-03,smart_onboarding_v1
U002594,smart_onboarding,2026-06-28,smart_onboarding_v1
U002595,smart_onboarding,2026-01-25,smart_onboarding_v1
U002596,control,2026-03-07,smart_onboarding_v1
U002597,control,2026-05-14,smart_onboarding_v1
U002598,control,2026-06-09,smart_onboarding_v1
U002599,smart_onboarding,2026-03-29,smart_onboarding_v1
U002600,smart_onboarding,2026-04-13,smart_onboarding_v1
U002601,control,2026-06-08,smart_onboarding_v1
U002602,smart_onboarding,2026-01-17,smart_onboarding_v1
U002603,smart_onboarding,2026-01-20,smart_onboarding_v1
U002604,control,2026-01-09,smart_onboarding_v1
U002605,control,2026-04-23,smart_onboarding_v1
U002606,control,2026-03-14,smart_onboarding_v1
U002607,smart_onboarding,2026-02-10,smart_onboarding_v1
U002608,control,2026-06-18,smart_onboarding_v1
U002609,smart_onboarding,2026-01-24,smart_onboarding_v1
U002610,control,2026-06-01,smart_onboarding_v1
U002611,control,2026-05-01,smart_onboarding_v1
U002612,control,2026-02-23,smart_onboarding_v1
U002613,control,2026-06-19,smart_onboarding_v1
U002614,smart_onboarding,2026-05-11,smart_onboarding_v1
U002615,control,2026-05-08,smart_onboarding_v1
U002616,control,2026-06-30,smart_onboarding_v1
U002617,smart_onboarding,2026-01-23,smart_onboarding_v1
U002618,control,2026-06-17,smart_onboarding_v1
U002619,smart_onboarding,2026-03-13,smart_onboarding_v1
U002620,smart_onboarding,2026-06-10,smart_onboarding_v1
U002621,control,2026-02-16,smart_onboarding_v1
U002622,control,2026-06-23,smart_onboarding_v1
U002623,control,2026-05-22,smart_onboarding_v1
U002624,smart_onboarding,2026-01-28,smart_onboarding_v1
U002625,control,2026-05-29,smart_onboarding_v1
U002626,smart_onboarding,2026-05-28,smart_onboarding_v1
U002627,control,2026-03-22,smart_onboarding_v1
U002628,smart_onboarding,2026-02-27,smart_onboarding_v1
U002629,smart_onboarding,2026-05-05,smart_onboarding_v1
U002630,smart_onboarding,2026-01-10,smart_onboarding_v1
U002631,smart_onboarding,2026-04-18,smart_onboarding_v1
U002632,smart_onboarding,2026-01-31,smart_onboarding_v1
U002633,smart_onboarding,2026-01-09,smart_onboarding_v1
U002634,smart_onboarding,2026-05-03,smart_onboarding_v1
U002635,control,2026-04-22,smart_onboarding_v1
U002636,smart_onboarding,2026-03-06,smart_onboarding_v1
U002637,smart_onboarding,2026-02-03,smart_onboarding_v1
U002638,smart_onboarding,2026-02-26,smart_onboarding_v1
U002639,control,2026-02-01,smart_onboarding_v1
U002640,control,2026-02-10,smart_onboarding_v1
U002641,control,2026-03-02,smart_onboarding_v1
U002642,smart_onboarding,2026-04-26,smart_onboarding_v1
U002643,smart_onboarding,2026-05-13,smart_onboarding_v1
U002644,control,2026-04-21,smart_onboarding_v1
U002645,smart_onboarding,2026-05-28,smart_onboarding_v1
U002646,control,2026-03-17,smart_onboarding_v1
U002647,control,2026-04-19,smart_onboarding_v1
U002648,smart_onboarding,2026-05-03,smart_onboarding_v1
U002649,control,2026-04-16,smart_onboarding_v1
U002650,smart_onboarding,2026-04-27,smart_onboarding_v1
U002651,smart_onboarding,2026-06-04,smart_onboarding_v1
U002652,smart_onboarding,2026-01-13,smart_onboarding_v1
U002653,control,2026-03-16,smart_onboarding_v1
U002654,control,2026-03-17,smart_onboarding_v1
U002655,control,2026-04-17,smart_onboarding_v1
U002656,smart_onboarding,2026-02-25,smart_onboarding_v1
U002657,smart_onboarding,2026-02-03,smart_onboarding_v1
U002658,smart_onboarding,2026-03-23,smart_onboarding_v1
U002659,control,2026-02-18,smart_onboarding_v1
U002660,control,2026-06-12,smart_onboarding_v1
U002661,control,2026-02-18,smart_onboarding_v1
U002662,smart_onboarding,2026-02-19,smart_onboarding_v1
U002663,smart_onboarding,2026-01-13,smart_onboarding_v1
U002664,control,2026-05-26,smart_onboarding_v1
U002665,control,2026-03-04,smart_onboarding_v1
U002666,control,2026-04-30,smart_onboarding_v1
U002667,smart_onboarding,2026-05-13,smart_onboarding_v1
U002668,control,2026-05-08,smart_onboarding_v1
U002669,control,2026-01-03,smart_onboarding_v1
U002670,smart_onboarding,2026-04-05,smart_onboarding_v1
U002671,smart_onboarding,2026-04-14,smart_onboarding_v1
U002672,control,2026-01-03,smart_onboarding_v1
U002673,smart_onboarding,2026-06-22,smart_onboarding_v1
U002674,control,2026-06-06,smart_onboarding_v1
U002675,smart_onboarding,2026-02-27,smart_onboarding_v1
U002676,smart_onboarding,2026-05-03,smart_onboarding_v1
U002677,control,2026-01-30,smart_onboarding_v1
U002678,control,2026-05-21,smart_onboarding_v1
U002679,smart_onboarding,2026-01-03,smart_onboarding_v1
U002680,control,2026-04-19,smart_onboarding_v1
U002681,smart_onboarding,2026-01-24,smart_onboarding_v1
U002682,control,2026-05-22,smart_onboarding_v1
U002683,smart_onboarding,2026-06-30,smart_onboarding_v1
U002684,smart_onboarding,2026-05-11,smart_onboarding_v1
U002685,smart_onboarding,2026-04-07,smart_onboarding_v1
U002686,control,2026-01-03,smart_onboarding_v1
U002687,control,2026-04-03,smart_onboarding_v1
U002688,smart_onboarding,2026-02-18,smart_onboarding_v1
U002689,control,2026-03-03,smart_onboarding_v1
U002690,smart_onboarding,2026-01-05,smart_onboarding_v1
U002691,control,2026-03-05,smart_onboarding_v1
U002692,control,2026-02-17,smart_onboarding_v1
U002693,control,2026-06-20,smart_onboarding_v1
U002694,control,2026-04-03,smart_onboarding_v1
U002695,smart_onboarding,2026-05-21,smart_onboarding_v1
U002696,control,2026-01-30,smart_onboarding_v1
U002697,smart_onboarding,2026-01-13,smart_onboarding_v1
U002698,smart_onboarding,2026-03-25,smart_onboarding_v1
U002699,smart_onboarding,2026-06-24,smart_onboarding_v1
U002700,smart_onboarding,2026-04-15,smart_onboarding_v1
U002701,control,2026-05-07,smart_onboarding_v1
U002702,smart_onboarding,2026-06-23,smart_onboarding_v1
U002703,control,2026-02-10,smart_onboarding_v1
U002704,control,2026-05-27,smart_onboarding_v1
U002705,control,2026-06-25,smart_onboarding_v1
U002706,smart_onboarding,2026-03-30,smart_onboarding_v1
U002707,smart_onboarding,2026-02-19,smart_onboarding_v1
U002708,control,2026-02-22,smart_onboarding_v1
U002709,smart_onboarding,2026-05-14,smart_onboarding_v1
U002710,control,2026-01-14,smart_onboarding_v1
U002711,control,2026-06-04,smart_onboarding_v1
U002712,control,2026-06-14,smart_onboarding_v1
U002713,smart_onboarding,2026-01-10,smart_onboarding_v1
U002714,control,2026-05-20,smart_onboarding_v1
U002715,control,2026-03-26,smart_onboarding_v1
U002716,control,2026-02-28,smart_onboarding_v1
U002717,smart_onboarding,2026-06-17,smart_onboarding_v1
U002718,control,2026-04-08,smart_onboarding_v1
U002719,smart_onboarding,2026-04-20,smart_onboarding_v1
U002720,smart_onboarding,2026-06-15,smart_onboarding_v1
U002721,smart_onboarding,2026-05-28,smart_onboarding_v1
U002722,smart_onboarding,2026-01-17,smart_onboarding_v1
U002723,smart_onboarding,2026-01-22,smart_onboarding_v1
U002724,control,2026-03-25,smart_onboarding_v1
U002725,smart_onboarding,2026-06-13,smart_onboarding_v1
U002726,control,2026-05-27,smart_onboarding_v1
U002727,control,2026-04-28,smart_onboarding_v1
U002728,control,2026-06-26,smart_onboarding_v1
U002729,control,2026-01-03,smart_onboarding_v1
U002730,control,2026-06-24,smart_onboarding_v1
U002731,smart_onboarding,2026-03-06,smart_onboarding_v1
U002732,control,2026-01-30,smart_onboarding_v1
U002733,control,2026-06-16,smart_onboarding_v1
U002734,control,2026-06-17,smart_onboarding_v1
U002735,smart_onboarding,2026-06-23,smart_onboarding_v1
U002736,smart_onboarding,2026-01-10,smart_onboarding_v1
U002737,smart_onboarding,2026-05-26,smart_onboarding_v1
U002738,control,2026-03-19,smart_onboarding_v1
U002739,control,2026-03-12,smart_onboarding_v1
U002740,smart_onboarding,2026-04-07,smart_onboarding_v1
U002741,smart_onboarding,2026-05-31,smart_onboarding_v1
U002742,control,2026-01-20,smart_onboarding_v1
U002743,smart_onboarding,2026-04-20,smart_onboarding_v1
U002744,control,2026-03-23,smart_onboarding_v1
U002745,smart_onboarding,2026-01-18,smart_onboarding_v1
U002746,control,2026-01-31,smart_onboarding_v1
U002747,control,2026-01-03,smart_onboarding_v1
U002748,smart_onboarding,2026-04-10,smart_onboarding_v1
U002749,smart_onboarding,2026-01-19,smart_onboarding_v1
U002750,smart_onboarding,2026-02-22,smart_onboarding_v1
U002751,control,2026-06-30,smart_onboarding_v1
U002752,smart_onboarding,2026-04-09,smart_onboarding_v1
U002753,smart_onboarding,2026-04-17,smart_onboarding_v1
U002754,control,2026-06-17,smart_onboarding_v1
U002755,control,2026-05-30,smart_onboarding_v1
U002756,smart_onboarding,2026-03-06,smart_onboarding_v1
U002757,smart_onboarding,2026-04-10,smart_onboarding_v1
U002758,control,2026-04-29,smart_onboarding_v1
U002759,smart_onboarding,2026-06-15,smart_onboarding_v1
U002760,smart_onboarding,2026-04-01,smart_onboarding_v1
U002761,control,2026-05-30,smart_onboarding_v1
U002762,control,2026-05-02,smart_onboarding_v1
U002763,control,2026-06-24,smart_onboarding_v1
U002764,smart_onboarding,2026-04-20,smart_onboarding_v1
U002765,control,2026-05-05,smart_onboarding_v1
U002766,control,2026-03-14,smart_onboarding_v1
U002767,control,2026-01-03,smart_onboarding_v1
U002768,control,2026-02-05,smart_onboarding_v1
U002769,control,2026-04-26,smart_onboarding_v1
U002770,control,2026-06-05,smart_onboarding_v1
U002771,control,2026-04-26,smart_onboarding_v1
U002772,control,2026-01-16,smart_onboarding_v1
U002773,smart_onboarding,2026-02-03,smart_onboarding_v1
U002774,control,2026-06-13,smart_onboarding_v1
U002775,control,2026-05-06,smart_onboarding_v1
U002776,control,2026-01-13,smart_onboarding_v1
U002777,control,2026-04-02,smart_onboarding_v1
U002778,control,2026-02-15,smart_onboarding_v1
U002779,smart_onboarding,2026-02-19,smart_onboarding_v1
U002780,control,2026-04-03,smart_onboarding_v1
U002781,control,2026-05-07,smart_onboarding_v1
U002782,control,2026-01-09,smart_onboarding_v1
U002783,smart_onboarding,2026-05-23,smart_onboarding_v1
U002784,smart_onboarding,2026-03-13,smart_onboarding_v1
U002785,control,2026-01-01,smart_onboarding_v1
U002786,control,2026-02-10,smart_onboarding_v1
U002787,control,2026-05-14,smart_onboarding_v1
U002788,smart_onboarding,2026-06-23,smart_onboarding_v1
U002789,control,2026-01-26,smart_onboarding_v1
U002790,smart_onboarding,2026-04-13,smart_onboarding_v1
U002791,smart_onboarding,2026-06-03,smart_onboarding_v1
U002792,control,2026-04-11,smart_onboarding_v1
U002793,control,2026-01-23,smart_onboarding_v1
U002794,smart_onboarding,2026-02-27,smart_onboarding_v1
U002795,control,2026-05-27,smart_onboarding_v1
U002796,smart_onboarding,2026-03-31,smart_onboarding_v1
U002797,smart_onboarding,2026-02-21,smart_onboarding_v1
U002798,smart_onboarding,2026-06-12,smart_onboarding_v1
U002799,smart_onboarding,2026-05-17,smart_onboarding_v1
U002800,control,2026-03-04,smart_onboarding_v1
U002801,control,2026-01-06,smart_onboarding_v1
U002802,smart_onboarding,2026-05-25,smart_onboarding_v1
U002803,smart_onboarding,2026-05-08,smart_onboarding_v1
U002804,control,2026-06-18,smart_onboarding_v1
U002805,control,2026-04-27,smart_onboarding_v1
U002806,smart_onboarding,2026-03-07,smart_onboarding_v1
U002807,smart_onboarding,2026-03-02,smart_onboarding_v1
U002808,smart_onboarding,2026-02-15,smart_onboarding_v1
U002809,smart_onboarding,2026-02-15,smart_onboarding_v1
U002810,smart_onboarding,2026-05-10,smart_onboarding_v1
U002811,control,2026-02-23,smart_onboarding_v1
U002812,control,2026-01-22,smart_onboarding_v1
U002813,smart_onboarding,2026-06-27,smart_onboarding_v1
U002814,smart_onboarding,2026-02-21,smart_onboarding_v1
U002815,smart_onboarding,2026-03-28,smart_onboarding_v1
U002816,control,2026-06-03,smart_onboarding_v1
U002817,smart_onboarding,2026-03-12,smart_onboarding_v1
U002818,control,2026-06-28,smart_onboarding_v1
U002819,control,2026-06-29,smart_onboarding_v1
U002820,control,2026-03-01,smart_onboarding_v1
U002821,control,2026-03-25,smart_onboarding_v1
U002822,smart_onboarding,2026-05-13,smart_onboarding_v1
U002823,smart_onboarding,2026-04-12,smart_onboarding_v1
U002824,control,2026-02-05,smart_onboarding_v1
U002825,control,2026-05-27,smart_onboarding_v1
U002826,control,2026-06-22,smart_onboarding_v1
U002827,control,2026-02-13,smart_onboarding_v1
U002828,smart_onboarding,2026-02-24,smart_onboarding_v1
U002829,smart_onboarding,2026-06-02,smart_onboarding_v1
U002830,smart_onboarding,2026-01-21,smart_onboarding_v1
U002831,smart_onboarding,2026-04-17,smart_onboarding_v1
U002832,control,2026-04-14,smart_onboarding_v1
U002833,control,2026-03-25,smart_onboarding_v1
U002834,control,2026-04-19,smart_onboarding_v1
U002835,control,2026-04-10,smart_onboarding_v1
U002836,smart_onboarding,2026-05-03,smart_onboarding_v1
U002837,smart_onboarding,2026-04-26,smart_onboarding_v1
U002838,smart_onboarding,2026-05-14,smart_onboarding_v1
U002839,smart_onboarding,2026-01-12,smart_onboarding_v1
U002840,control,2026-05-06,smart_onboarding_v1
U002841,smart_onboarding,2026-01-20,smart_onboarding_v1
U002842,control,2026-03-25,smart_onboarding_v1
U002843,smart_onboarding,2026-02-13,smart_onboarding_v1
U002844,smart_onboarding,2026-04-03,smart_onboarding_v1
U002845,smart_onboarding,2026-06-04,smart_onboarding_v1
U002846,smart_onboarding,2026-04-06,smart_onboarding_v1
U002847,smart_onboarding,2026-01-21,smart_onboarding_v1
U002848,smart_onboarding,2026-02-01,smart_onboarding_v1
U002849,control,2026-02-18,smart_onboarding_v1
U002850,smart_onboarding,2026-02-19,smart_onboarding_v1
U002851,control,2026-05-19,smart_onboarding_v1
U002852,smart_onboarding,2026-06-04,smart_onboarding_v1
U002853,control,2026-06-27,smart_onboarding_v1
U002854,control,2026-04-06,smart_onboarding_v1
U002855,smart_onboarding,2026-01-01,smart_onboarding_v1
U002856,control,2026-03-16,smart_onboarding_v1
U002857,smart_onboarding,2026-03-30,smart_onboarding_v1
U002858,control,2026-02-14,smart_onboarding_v1
U002859,control,2026-06-11,smart_onboarding_v1
U002860,smart_onboarding,2026-03-21,smart_onboarding_v1
U002861,control,2026-02-19,smart_onboarding_v1
U002862,smart_onboarding,2026-03-25,smart_onboarding_v1
U002863,control,2026-05-10,smart_onboarding_v1
U002864,control,2026-04-25,smart_onboarding_v1
U002865,smart_onboarding,2026-02-11,smart_onboarding_v1
U002866,smart_onboarding,2026-03-18,smart_onboarding_v1
U002867,control,2026-03-11,smart_onboarding_v1
U002868,smart_onboarding,2026-04-03,smart_onboarding_v1
U002869,smart_onboarding,2026-01-07,smart_onboarding_v1
U002870,smart_onboarding,2026-02-16,smart_onboarding_v1
U002871,control,2026-05-22,smart_onboarding_v1
U002872,control,2026-02-05,smart_onboarding_v1
U002873,control,2026-02-20,smart_onboarding_v1
U002874,smart_onboarding,2026-01-18,smart_onboarding_v1
U002875,smart_onboarding,2026-06-26,smart_onboarding_v1
U002876,smart_onboarding,2026-02-02,smart_onboarding_v1
U002877,control,2026-03-22,smart_onboarding_v1
U002878,smart_onboarding,2026-04-28,smart_onboarding_v1
U002879,smart_onboarding,2026-06-05,smart_onboarding_v1
U002880,control,2026-05-28,smart_onboarding_v1
U002881,smart_onboarding,2026-01-26,smart_onboarding_v1
U002882,smart_onboarding,2026-05-27,smart_onboarding_v1
U002883,smart_onboarding,2026-02-11,smart_onboarding_v1
U002884,smart_onboarding,2026-02-02,smart_onboarding_v1
U002885,control,2026-03-15,smart_onboarding_v1
U002886,smart_onboarding,2026-06-13,smart_onboarding_v1
U002887,smart_onboarding,2026-03-13,smart_onboarding_v1
U002888,control,2026-03-14,smart_onboarding_v1
U002889,smart_onboarding,2026-03-13,smart_onboarding_v1
U002890,smart_onboarding,2026-05-22,smart_onboarding_v1
U002891,smart_onboarding,2026-03-16,smart_onboarding_v1
U002892,control,2026-05-25,smart_onboarding_v1
U002893,smart_onboarding,2026-03-14,smart_onboarding_v1
U002894,smart_onboarding,2026-06-07,smart_onboarding_v1
U002895,smart_onboarding,2026-04-21,smart_onboarding_v1
U002896,smart_onboarding,2026-04-21,smart_onboarding_v1
U002897,control,2026-02-06,smart_onboarding_v1
U002898,control,2026-04-09,smart_onboarding_v1
U002899,control,2026-06-14,smart_onboarding_v1
U002900,smart_onboarding,2026-03-25,smart_onboarding_v1
U002901,control,2026-04-28,smart_onboarding_v1
U002902,smart_onboarding,2026-04-26,smart_onboarding_v1
U002903,control,2026-03-19,smart_onboarding_v1
U002904,smart_onboarding,2026-06-10,smart_onboarding_v1
U002905,control,2026-06-06,smart_onboarding_v1
U002906,control,2026-06-23,smart_onboarding_v1
U002907,control,2026-06-01,smart_onboarding_v1
U002908,smart_onboarding,2026-03-05,smart_onboarding_v1
U002909,control,2026-01-10,smart_onboarding_v1
U002910,smart_onboarding,2026-01-11,smart_onboarding_v1
U002911,smart_onboarding,2026-02-01,smart_onboarding_v1
U002912,smart_onboarding,2026-01-24,smart_onboarding_v1
U002913,control,2026-03-09,smart_onboarding_v1
U002914,smart_onboarding,2026-05-01,smart_onboarding_v1
U002915,smart_onboarding,2026-02-23,smart_onboarding_v1
U002916,control,2026-05-19,smart_onboarding_v1
U002917,control,2026-04-27,smart_onboarding_v1
U002918,control,2026-03-10,smart_onboarding_v1
U002919,smart_onboarding,2026-03-28,smart_onboarding_v1
U002920,control,2026-01-26,smart_onboarding_v1
U002921,smart_onboarding,2026-04-06,smart_onboarding_v1
U002922,smart_onboarding,2026-06-28,smart_onboarding_v1
U002923,smart_onboarding,2026-05-12,smart_onboarding_v1
U002924,smart_onboarding,2026-06-04,smart_onboarding_v1
U002925,smart_onboarding,2026-03-15,smart_onboarding_v1
U002926,control,2026-02-27,smart_onboarding_v1
U002927,smart_onboarding,2026-04-05,smart_onboarding_v1
U002928,smart_onboarding,2026-01-03,smart_onboarding_v1
U002929,control,2026-01-26,smart_onboarding_v1
U002930,control,2026-06-27,smart_onboarding_v1
U002931,control,2026-04-07,smart_onboarding_v1
U002932,control,2026-06-28,smart_onboarding_v1
U002933,smart_onboarding,2026-06-17,smart_onboarding_v1
U002934,smart_onboarding,2026-02-10,smart_onboarding_v1
U002935,smart_onboarding,2026-04-19,smart_onboarding_v1
U002936,control,2026-04-10,smart_onboarding_v1
U002937,smart_onboarding,2026-01-04,smart_onboarding_v1
U002938,control,2026-03-12,smart_onboarding_v1
U002939,smart_onboarding,2026-01-29,smart_onboarding_v1
U002940,smart_onboarding,2026-01-13,smart_onboarding_v1
U002941,control,2026-05-29,smart_onboarding_v1
U002942,smart_onboarding,2026-04-15,smart_onboarding_v1
U002943,control,2026-04-30,smart_onboarding_v1
U002944,control,2026-03-11,smart_onboarding_v1
U002945,control,2026-04-26,smart_onboarding_v1
U002946,control,2026-02-08,smart_onboarding_v1
U002947,control,2026-01-24,smart_onboarding_v1
U002948,control,2026-05-01,smart_onboarding_v1
U002949,smart_onboarding,2026-04-07,smart_onboarding_v1
U002950,control,2026-02-25,smart_onboarding_v1
U002951,control,2026-04-27,smart_onboarding_v1
U002952,control,2026-05-06,smart_onboarding_v1
U002953,control,2026-05-18,smart_onboarding_v1
U002954,smart_onboarding,2026-04-19,smart_onboarding_v1
U002955,smart_onboarding,2026-02-22,smart_onboarding_v1
U002956,control,2026-06-12,smart_onboarding_v1
U002957,smart_onboarding,2026-02-12,smart_onboarding_v1
U002958,control,2026-03-24,smart_onboarding_v1
U002959,smart_onboarding,2026-06-16,smart_onboarding_v1
U002960,smart_onboarding,2026-02-08,smart_onboarding_v1
U002961,control,2026-01-22,smart_onboarding_v1
U002962,control,2026-05-01,smart_onboarding_v1
U002963,control,2026-05-27,smart_onboarding_v1
U002964,smart_onboarding,2026-06-23,smart_onboarding_v1
U002965,control,2026-06-24,smart_onboarding_v1
U002966,control,2026-06-14,smart_onboarding_v1
U002967,control,2026-06-10,smart_onboarding_v1
U002968,smart_onboarding,2026-05-19,smart_onboarding_v1
U002969,control,2026-04-24,smart_onboarding_v1
U002970,smart_onboarding,2026-06-10,smart_onboarding_v1
U002971,smart_onboarding,2026-05-12,smart_onboarding_v1
U002972,control,2026-01-09,smart_onboarding_v1
U002973,control,2026-05-05,smart_onboarding_v1
U002974,smart_onboarding,2026-01-26,smart_onboarding_v1
U002975,control,2026-02-26,smart_onboarding_v1
U002976,control,2026-05-09,smart_onboarding_v1
U002977,control,2026-05-27,smart_onboarding_v1
U002978,control,2026-05-17,smart_onboarding_v1
U002979,smart_onboarding,2026-06-06,smart_onboarding_v1
U002980,control,2026-05-19,smart_onboarding_v1
U002981,smart_onboarding,2026-05-13,smart_onboarding_v1
U002982,control,2026-03-14,smart_onboarding_v1
U002983,control,2026-06-25,smart_onboarding_v1
U002984,smart_onboarding,2026-04-30,smart_onboarding_v1
U002985,control,2026-05-10,smart_onboarding_v1
U002986,control,2026-02-15,smart_onboarding_v1
U002987,control,2026-05-30,smart_onboarding_v1
U002988,control,2026-02-01,smart_onboarding_v1
U002989,smart_onboarding,2026-01-12,smart_onboarding_v1
U002990,smart_onboarding,2026-05-07,smart_onboarding_v1
U002991,smart_onboarding,2026-02-06,smart_onboarding_v1
U002992,control,2026-01-11,smart_onboarding_v1
U002993,control,2026-05-26,smart_onboarding_v1
U002994,control,2026-04-05,smart_onboarding_v1
U002995,control,2026-05-24,smart_onboarding_v1
U002996,smart_onboarding,2026-05-19,smart_onboarding_v1
U002997,smart_onboarding,2026-04-29,smart_onboarding_v1
U002998,smart_onboarding,2026-06-29,smart_onboarding_v1
U002999,smart_onboarding,2026-05-25,smart_onboarding_v1
U003000,control,2026-07-01,smart_onboarding_v1
U003001,control,2026-04-04,smart_onboarding_v1
U003002,smart_onboarding,2026-06-17,smart_onboarding_v1
U003003,control,2026-02-22,smart_onboarding_v1
U003004,smart_onboarding,2026-05-12,smart_onboarding_v1
U003005,smart_onboarding,2026-01-13,smart_onboarding_v1
U003006,smart_onboarding,2026-02-01,smart_onboarding_v1
U003007,control,2026-02-25,smart_onboarding_v1
U003008,smart_onboarding,2026-02-19,smart_onboarding_v1
U003009,control,2026-02-13,smart_onboarding_v1
U003010,smart_onboarding,2026-06-30,smart_onboarding_v1
U003011,control,2026-06-20,smart_onboarding_v1
U003012,smart_onboarding,2026-04-08,smart_onboarding_v1
U003013,smart_onboarding,2026-05-16,smart_onboarding_v1
U003014,control,2026-05-20,smart_onboarding_v1
U003015,control,2026-06-19,smart_onboarding_v1
U003016,control,2026-05-03,smart_onboarding_v1
U003017,smart_onboarding,2026-02-08,smart_onboarding_v1
U003018,smart_onboarding,2026-04-15,smart_onboarding_v1
U003019,smart_onboarding,2026-05-07,smart_onboarding_v1
U003020,control,2026-02-08,smart_onboarding_v1
U003021,control,2026-01-24,smart_onboarding_v1
U003022,smart_onboarding,2026-05-24,smart_onboarding_v1
U003023,smart_onboarding,2026-05-09,smart_onboarding_v1
U003024,control,2026-02-11,smart_onboarding_v1
U003025,control,2026-06-25,smart_onboarding_v1
U003026,smart_onboarding,2026-03-19,smart_onboarding_v1
U003027,smart_onboarding,2026-03-30,smart_onboarding_v1
U003028,control,2026-01-03,smart_onboarding_v1
U003029,smart_onboarding,2026-01-29,smart_onboarding_v1
U003030,control,2026-03-11,smart_onboarding_v1
U003031,smart_onboarding,2026-02-12,smart_onboarding_v1
U003032,control,2026-06-09,smart_onboarding_v1
U003033,control,2026-01-01,smart_onboarding_v1
U003034,smart_onboarding,2026-02-14,smart_onboarding_v1
U003035,control,2026-06-22,smart_onboarding_v1
U003036,smart_onboarding,2026-06-05,smart_onboarding_v1
U003037,control,2026-05-31,smart_onboarding_v1
U003038,smart_onboarding,2026-03-13,smart_onboarding_v1
U003039,smart_onboarding,2026-01-07,smart_onboarding_v1
U003040,smart_onboarding,2026-04-19,smart_onboarding_v1
U003041,smart_onboarding,2026-02-23,smart_onboarding_v1
U003042,control,2026-02-10,smart_onboarding_v1
U003043,control,2026-03-20,smart_onboarding_v1
U003044,control,2026-04-24,smart_onboarding_v1
U003045,control,2026-03-14,smart_onboarding_v1
U003046,smart_onboarding,2026-06-18,smart_onboarding_v1
U003047,control,2026-03-25,smart_onboarding_v1
U003048,smart_onboarding,2026-02-10,smart_onboarding_v1
U003049,control,2026-06-01,smart_onboarding_v1
U003050,smart_onboarding,2026-01-09,smart_onboarding_v1
U003051,smart_onboarding,2026-01-20,smart_onboarding_v1
U003052,smart_onboarding,2026-02-25,smart_onboarding_v1
U003053,smart_onboarding,2026-05-05,smart_onboarding_v1
U003054,control,2026-05-23,smart_onboarding_v1
U003055,control,2026-06-13,smart_onboarding_v1
U003056,control,2026-01-01,smart_onboarding_v1
U003057,control,2026-05-23,smart_onboarding_v1
U003058,smart_onboarding,2026-01-28,smart_onboarding_v1
U003059,smart_onboarding,2026-05-20,smart_onboarding_v1
U003060,smart_onboarding,2026-06-27,smart_onboarding_v1
U003061,control,2026-02-08,smart_onboarding_v1
U003062,control,2026-02-04,smart_onboarding_v1
U003063,smart_onboarding,2026-03-24,smart_onboarding_v1
U003064,control,2026-06-12,smart_onboarding_v1
U003065,control,2026-03-14,smart_onboarding_v1
U003066,smart_onboarding,2026-02-17,smart_onboarding_v1
U003067,control,2026-02-05,smart_onboarding_v1
U003068,smart_onboarding,2026-01-09,smart_onboarding_v1
U003069,control,2026-06-27,smart_onboarding_v1
U003070,smart_onboarding,2026-01-15,smart_onboarding_v1
U003071,control,2026-03-02,smart_onboarding_v1
U003072,control,2026-03-18,smart_onboarding_v1
U003073,control,2026-05-04,smart_onboarding_v1
U003074,smart_onboarding,2026-05-22,smart_onboarding_v1
U003075,smart_onboarding,2026-01-06,smart_onboarding_v1
U003076,smart_onboarding,2026-06-29,smart_onboarding_v1
U003077,smart_onboarding,2026-04-21,smart_onboarding_v1
U003078,control,2026-03-21,smart_onboarding_v1
U003079,smart_onboarding,2026-06-25,smart_onboarding_v1
U003080,control,2026-04-05,smart_onboarding_v1
U003081,control,2026-01-10,smart_onboarding_v1
U003082,control,2026-03-21,smart_onboarding_v1
U003083,control,2026-04-14,smart_onboarding_v1
U003084,smart_onboarding,2026-05-23,smart_onboarding_v1
U003085,smart_onboarding,2026-03-11,smart_onboarding_v1
U003086,control,2026-03-24,smart_onboarding_v1
U003087,control,2026-01-07,smart_onboarding_v1
U003088,smart_onboarding,2026-01-28,smart_onboarding_v1
U003089,control,2026-02-17,smart_onboarding_v1
U003090,smart_onboarding,2026-01-28,smart_onboarding_v1
U003091,control,2026-01-04,smart_onboarding_v1
U003092,control,2026-04-10,smart_onboarding_v1
U003093,smart_onboarding,2026-01-16,smart_onboarding_v1
U003094,smart_onboarding,2026-01-03,smart_onboarding_v1
U003095,control,2026-01-23,smart_onboarding_v1
U003096,control,2026-01-17,smart_onboarding_v1
U003097,control,2026-01-09,smart_onboarding_v1
U003098,control,2026-02-11,smart_onboarding_v1
U003099,control,2026-03-08,smart_onboarding_v1
U003100,smart_onboarding,2026-01-23,smart_onboarding_v1
U003101,smart_onboarding,2026-01-26,smart_onboarding_v1
U003102,smart_onboarding,2026-03-12,smart_onboarding_v1
U003103,control,2026-02-17,smart_onboarding_v1
U003104,smart_onboarding,2026-06-09,smart_onboarding_v1
U003105,smart_onboarding,2026-04-23,smart_onboarding_v1
U003106,control,2026-02-26,smart_onboarding_v1
U003107,control,2026-06-25,smart_onboarding_v1
U003108,control,2026-06-19,smart_onboarding_v1
U003109,smart_onboarding,2026-02-20,smart_onboarding_v1
U003110,control,2026-06-18,smart_onboarding_v1
U003111,control,2026-06-02,smart_onboarding_v1
U003112,smart_onboarding,2026-03-12,smart_onboarding_v1
U003113,control,2026-04-20,smart_onboarding_v1
U003114,control,2026-01-07,smart_onboarding_v1
U003115,smart_onboarding,2026-02-22,smart_onboarding_v1
U003116,control,2026-01-22,smart_onboarding_v1
U003117,smart_onboarding,2026-06-09,smart_onboarding_v1
U003118,control,2026-04-19,smart_onboarding_v1
U003119,control,2026-01-25,smart_onboarding_v1
U003120,smart_onboarding,2026-02-21,smart_onboarding_v1
U003121,control,2026-04-10,smart_onboarding_v1
U003122,smart_onboarding,2026-03-21,smart_onboarding_v1
U003123,control,2026-02-20,smart_onboarding_v1
U003124,control,2026-06-08,smart_onboarding_v1
U003125,control,2026-05-24,smart_onboarding_v1
U003126,control,2026-05-20,smart_onboarding_v1
U003127,control,2026-03-09,smart_onboarding_v1
U003128,smart_onboarding,2026-01-23,smart_onboarding_v1
U003129,control,2026-03-26,smart_onboarding_v1
U003130,control,2026-05-11,smart_onboarding_v1
U003131,smart_onboarding,2026-04-15,smart_onboarding_v1
U003132,smart_onboarding,2026-01-08,smart_onboarding_v1
U003133,smart_onboarding,2026-01-20,smart_onboarding_v1
U003134,smart_onboarding,2026-01-17,smart_onboarding_v1
U003135,smart_onboarding,2026-01-06,smart_onboarding_v1
U003136,control,2026-02-28,smart_onboarding_v1
U003137,control,2026-04-14,smart_onboarding_v1
U003138,smart_onboarding,2026-03-27,smart_onboarding_v1
U003139,control,2026-03-17,smart_onboarding_v1
U003140,smart_onboarding,2026-02-19,smart_onboarding_v1
U003141,control,2026-02-26,smart_onboarding_v1
U003142,smart_onboarding,2026-04-25,smart_onboarding_v1
U003143,smart_onboarding,2026-03-26,smart_onboarding_v1
U003144,smart_onboarding,2026-06-15,smart_onboarding_v1
U003145,smart_onboarding,2026-06-07,smart_onboarding_v1
U003146,control,2026-02-14,smart_onboarding_v1
U003147,smart_onboarding,2026-05-12,smart_onboarding_v1
U003148,control,2026-03-14,smart_onboarding_v1
U003149,smart_onboarding,2026-04-25,smart_onboarding_v1
U003150,control,2026-02-03,smart_onboarding_v1
U003151,smart_onboarding,2026-01-12,smart_onboarding_v1
U003152,control,2026-06-01,smart_onboarding_v1
U003153,smart_onboarding,2026-06-10,smart_onboarding_v1
U003154,control,2026-05-28,smart_onboarding_v1
U003155,smart_onboarding,2026-06-21,smart_onboarding_v1
U003156,control,2026-06-14,smart_onboarding_v1
U003157,smart_onboarding,2026-03-21,smart_onboarding_v1
U003158,control,2026-05-07,smart_onboarding_v1
U003159,smart_onboarding,2026-01-16,smart_onboarding_v1
U003160,smart_onboarding,2026-03-30,smart_onboarding_v1
U003161,smart_onboarding,2026-04-05,smart_onboarding_v1
U003162,smart_onboarding,2026-02-26,smart_onboarding_v1
U003163,smart_onboarding,2026-03-30,smart_onboarding_v1
U003164,control,2026-03-21,smart_onboarding_v1
U003165,smart_onboarding,2026-05-10,smart_onboarding_v1
U003166,smart_onboarding,2026-03-04,smart_onboarding_v1
U003167,smart_onboarding,2026-03-02,smart_onboarding_v1
U003168,smart_onboarding,2026-04-03,smart_onboarding_v1
U003169,control,2026-02-11,smart_onboarding_v1
U003170,control,2026-03-13,smart_onboarding_v1
U003171,smart_onboarding,2026-02-24,smart_onboarding_v1
U003172,control,2026-03-19,smart_onboarding_v1
U003173,smart_onboarding,2026-04-28,smart_onboarding_v1
U003174,smart_onboarding,2026-04-22,smart_onboarding_v1
U003175,control,2026-06-24,smart_onboarding_v1
U003176,smart_onboarding,2026-06-19,smart_onboarding_v1
U003177,smart_onboarding,2026-04-04,smart_onboarding_v1
U003178,smart_onboarding,2026-01-19,smart_onboarding_v1
U003179,smart_onboarding,2026-05-05,smart_onboarding_v1
U003180,control,2026-03-26,smart_onboarding_v1
U003181,smart_onboarding,2026-06-15,smart_onboarding_v1
U003182,smart_onboarding,2026-03-01,smart_onboarding_v1
U003183,control,2026-03-26,smart_onboarding_v1
U003184,smart_onboarding,2026-06-17,smart_onboarding_v1
U003185,control,2026-01-18,smart_onboarding_v1
U003186,control,2026-06-17,smart_onboarding_v1
U003187,control,2026-02-20,smart_onboarding_v1
U003188,control,2026-03-11,smart_onboarding_v1
U003189,smart_onboarding,2026-03-22,smart_onboarding_v1
U003190,control,2026-06-03,smart_onboarding_v1
U003191,control,2026-05-06,smart_onboarding_v1
U003192,smart_onboarding,2026-02-01,smart_onboarding_v1
U003193,control,2026-03-13,smart_onboarding_v1
U003194,control,2026-02-06,smart_onboarding_v1
U003195,control,2026-06-04,smart_onboarding_v1
U003196,control,2026-03-14,smart_onboarding_v1
U003197,control,2026-03-24,smart_onboarding_v1
U003198,control,2026-05-01,smart_onboarding_v1
U003199,control,2026-02-14,smart_onboarding_v1
U003200,control,2026-02-02,smart_onboarding_v1
U003201,control,2026-01-17,smart_onboarding_v1
U003202,control,2026-05-24,smart_onboarding_v1
U003203,control,2026-02-24,smart_onboarding_v1
U003204,smart_onboarding,2026-02-21,smart_onboarding_v1
U003205,control,2026-06-20,smart_onboarding_v1
U003206,smart_onboarding,2026-04-07,smart_onboarding_v1
U003207,smart_onboarding,2026-04-25,smart_onboarding_v1
U003208,smart_onboarding,2026-01-12,smart_onboarding_v1
U003209,control,2026-02-26,smart_onboarding_v1
U003210,control,2026-06-15,smart_onboarding_v1
U003211,smart_onboarding,2026-01-05,smart_onboarding_v1
U003212,control,2026-05-17,smart_onboarding_v1
U003213,smart_onboarding,2026-05-11,smart_onboarding_v1
U003214,smart_onboarding,2026-06-22,smart_onboarding_v1
U003215,control,2026-03-29,smart_onboarding_v1
U003216,control,2026-01-17,smart_onboarding_v1
U003217,smart_onboarding,2026-03-21,smart_onboarding_v1
U003218,control,2026-04-22,smart_onboarding_v1
U003219,control,2026-05-02,smart_onboarding_v1
U003220,control,2026-06-21,smart_onboarding_v1
U003221,smart_onboarding,2026-01-06,smart_onboarding_v1
U003222,smart_onboarding,2026-03-31,smart_onboarding_v1
U003223,control,2026-06-16,smart_onboarding_v1
U003224,smart_onboarding,2026-01-11,smart_onboarding_v1
U003225,smart_onboarding,2026-04-13,smart_onboarding_v1
U003226,smart_onboarding,2026-04-09,smart_onboarding_v1
U003227,smart_onboarding,2026-03-17,smart_onboarding_v1
U003228,smart_onboarding,2026-05-15,smart_onboarding_v1
U003229,smart_onboarding,2026-04-10,smart_onboarding_v1
U003230,smart_onboarding,2026-01-19,smart_onboarding_v1
U003231,control,2026-06-05,smart_onboarding_v1
U003232,smart_onboarding,2026-06-14,smart_onboarding_v1
U003233,smart_onboarding,2026-01-11,smart_onboarding_v1
U003234,smart_onboarding,2026-03-10,smart_onboarding_v1
U003235,smart_onboarding,2026-05-06,smart_onboarding_v1
U003236,smart_onboarding,2026-01-16,smart_onboarding_v1
U003237,control,2026-04-11,smart_onboarding_v1
U003238,smart_onboarding,2026-04-07,smart_onboarding_v1
U003239,smart_onboarding,2026-03-19,smart_onboarding_v1
U003240,control,2026-03-09,smart_onboarding_v1
U003241,smart_onboarding,2026-06-21,smart_onboarding_v1
U003242,smart_onboarding,2026-01-14,smart_onboarding_v1
U003243,control,2026-01-29,smart_onboarding_v1
U003244,control,2026-06-25,smart_onboarding_v1
U003245,smart_onboarding,2026-04-16,smart_onboarding_v1
U003246,control,2026-04-11,smart_onboarding_v1
U003247,control,2026-03-23,smart_onboarding_v1
U003248,control,2026-02-15,smart_onboarding_v1
U003249,smart_onboarding,2026-05-11,smart_onboarding_v1
U003250,control,2026-01-20,smart_onboarding_v1
U003251,smart_onboarding,2026-05-22,smart_onboarding_v1
U003252,smart_onboarding,2026-03-12,smart_onboarding_v1
U003253,smart_onboarding,2026-03-02,smart_onboarding_v1
U003254,smart_onboarding,2026-04-12,smart_onboarding_v1
U003255,control,2026-02-03,smart_onboarding_v1
U003256,smart_onboarding,2026-06-07,smart_onboarding_v1
U003257,smart_onboarding,2026-06-25,smart_onboarding_v1
U003258,smart_onboarding,2026-06-20,smart_onboarding_v1
U003259,control,2026-03-04,smart_onboarding_v1
U003260,control,2026-05-01,smart_onboarding_v1
U003261,control,2026-03-20,smart_onboarding_v1
U003262,control,2026-05-03,smart_onboarding_v1
U003263,smart_onboarding,2026-06-23,smart_onboarding_v1
U003264,smart_onboarding,2026-04-15,smart_onboarding_v1
U003265,control,2026-02-24,smart_onboarding_v1
U003266,smart_onboarding,2026-02-11,smart_onboarding_v1
U003267,smart_onboarding,2026-01-12,smart_onboarding_v1
U003268,control,2026-02-23,smart_onboarding_v1
U003269,smart_onboarding,2026-02-09,smart_onboarding_v1
U003270,control,2026-06-25,smart_onboarding_v1
U003271,control,2026-04-24,smart_onboarding_v1
U003272,smart_onboarding,2026-03-11,smart_onboarding_v1
U003273,control,2026-03-13,smart_onboarding_v1
U003274,control,2026-02-17,smart_onboarding_v1
U003275,control,2026-04-25,smart_onboarding_v1
U003276,smart_onboarding,2026-01-20,smart_onboarding_v1
U003277,smart_onboarding,2026-06-21,smart_onboarding_v1
U003278,smart_onboarding,2026-01-30,smart_onboarding_v1
U003279,smart_onboarding,2026-05-25,smart_onboarding_v1
U003280,control,2026-01-28,smart_onboarding_v1
U003281,smart_onboarding,2026-02-26,smart_onboarding_v1
U003282,smart_onboarding,2026-04-06,smart_onboarding_v1
U003283,smart_onboarding,2026-05-21,smart_onboarding_v1
U003284,control,2026-02-02,smart_onboarding_v1
U003285,control,2026-05-05,smart_onboarding_v1
U003286,smart_onboarding,2026-05-30,smart_onboarding_v1
U003287,smart_onboarding,2026-05-05,smart_onboarding_v1
U003288,smart_onboarding,2026-06-03,smart_onboarding_v1
U003289,control,2026-01-06,smart_onboarding_v1
U003290,smart_onboarding,2026-06-05,smart_onboarding_v1
U003291,control,2026-01-06,smart_onboarding_v1
U003292,control,2026-03-22,smart_onboarding_v1
U003293,control,2026-03-20,smart_onboarding_v1
U003294,control,2026-02-13,smart_onboarding_v1
U003295,smart_onboarding,2026-06-01,smart_onboarding_v1
U003296,smart_onboarding,2026-04-08,smart_onboarding_v1
U003297,smart_onboarding,2026-05-20,smart_onboarding_v1
U003298,smart_onboarding,2026-06-20,smart_onboarding_v1
U003299,smart_onboarding,2026-05-14,smart_onboarding_v1
U003300,smart_onboarding,2026-06-12,smart_onboarding_v1
U003301,control,2026-04-12,smart_onboarding_v1
U003302,control,2026-04-26,smart_onboarding_v1
U003303,control,2026-02-11,smart_onboarding_v1
U003304,control,2026-05-01,smart_onboarding_v1
U003305,smart_onboarding,2026-03-22,smart_onboarding_v1
U003306,control,2026-05-25,smart_onboarding_v1
U003307,smart_onboarding,2026-03-17,smart_onboarding_v1
U003308,control,2026-01-30,smart_onboarding_v1
U003309,control,2026-02-18,smart_onboarding_v1
U003310,control,2026-01-22,smart_onboarding_v1
U003311,smart_onboarding,2026-06-02,smart_onboarding_v1
U003312,control,2026-06-18,smart_onboarding_v1
U003313,control,2026-04-23,smart_onboarding_v1
U003314,control,2026-06-30,smart_onboarding_v1
U003315,control,2026-05-01,smart_onboarding_v1
U003316,smart_onboarding,2026-02-26,smart_onboarding_v1
U003317,control,2026-01-14,smart_onboarding_v1
U003318,control,2026-06-12,smart_onboarding_v1
U003319,control,2026-05-18,smart_onboarding_v1
U003320,smart_onboarding,2026-03-12,smart_onboarding_v1
U003321,control,2026-04-21,smart_onboarding_v1
U003322,smart_onboarding,2026-02-03,smart_onboarding_v1
U003323,smart_onboarding,2026-06-21,smart_onboarding_v1
U003324,smart_onboarding,2026-04-26,smart_onboarding_v1
U003325,smart_onboarding,2026-02-12,smart_onboarding_v1
U003326,control,2026-03-26,smart_onboarding_v1
U003327,control,2026-04-22,smart_onboarding_v1
U003328,smart_onboarding,2026-02-10,smart_onboarding_v1
U003329,smart_onboarding,2026-02-01,smart_onboarding_v1
U003330,control,2026-05-01,smart_onboarding_v1
U003331,smart_onboarding,2026-04-04,smart_onboarding_v1
U003332,control,2026-03-01,smart_onboarding_v1
U003333,control,2026-02-05,smart_onboarding_v1
U003334,control,2026-04-14,smart_onboarding_v1
U003335,control,2026-05-07,smart_onboarding_v1
U003336,control,2026-04-23,smart_onboarding_v1
U003337,smart_onboarding,2026-06-30,smart_onboarding_v1
U003338,control,2026-01-13,smart_onboarding_v1
U003339,control,2026-05-11,smart_onboarding_v1
U003340,smart_onboarding,2026-03-22,smart_onboarding_v1
U003341,smart_onboarding,2026-03-18,smart_onboarding_v1
U003342,control,2026-06-22,smart_onboarding_v1
U003343,control,2026-02-20,smart_onboarding_v1
U003344,smart_onboarding,2026-01-28,smart_onboarding_v1
U003345,control,2026-01-30,smart_onboarding_v1
U003346,smart_onboarding,2026-06-21,smart_onboarding_v1
U003347,smart_onboarding,2026-02-03,smart_onboarding_v1
U003348,control,2026-01-24,smart_onboarding_v1
U003349,smart_onboarding,2026-03-23,smart_onboarding_v1
U003350,smart_onboarding,2026-06-27,smart_onboarding_v1
U003351,smart_onboarding,2026-05-21,smart_onboarding_v1
U003352,control,2026-06-28,smart_onboarding_v1
U003353,control,2026-03-25,smart_onboarding_v1
U003354,smart_onboarding,2026-02-08,smart_onboarding_v1
U003355,smart_onboarding,2026-06-22,smart_onboarding_v1
U003356,smart_onboarding,2026-05-01,smart_onboarding_v1
U003357,smart_onboarding,2026-05-26,smart_onboarding_v1
U003358,smart_onboarding,2026-01-14,smart_onboarding_v1
U003359,control,2026-06-17,smart_onboarding_v1
U003360,control,2026-04-07,smart_onboarding_v1
U003361,control,2026-02-10,smart_onboarding_v1
U003362,control,2026-03-22,smart_onboarding_v1
U003363,smart_onboarding,2026-02-16,smart_onboarding_v1
U003364,control,2026-04-01,smart_onboarding_v1
U003365,control,2026-05-27,smart_onboarding_v1
U003366,smart_onboarding,2026-05-13,smart_onboarding_v1
U003367,control,2026-02-10,smart_onboarding_v1
U003368,smart_onboarding,2026-04-08,smart_onboarding_v1
U003369,control,2026-01-29,smart_onboarding_v1
U003370,smart_onboarding,2026-02-27,smart_onboarding_v1
U003371,control,2026-05-11,smart_onboarding_v1
U003372,smart_onboarding,2026-02-27,smart_onboarding_v1
U003373,smart_onboarding,2026-05-04,smart_onboarding_v1
U003374,control,2026-06-08,smart_onboarding_v1
U003375,smart_onboarding,2026-02-04,smart_onboarding_v1
U003376,smart_onboarding,2026-05-12,smart_onboarding_v1
U003377,smart_onboarding,2026-02-23,smart_onboarding_v1
U003378,control,2026-02-02,smart_onboarding_v1
U003379,control,2026-06-21,smart_onboarding_v1
U003380,smart_onboarding,2026-01-10,smart_onboarding_v1
U003381,smart_onboarding,2026-06-10,smart_onboarding_v1
U003382,smart_onboarding,2026-01-22,smart_onboarding_v1
U003383,smart_onboarding,2026-01-10,smart_onboarding_v1
U003384,control,2026-02-21,smart_onboarding_v1
U003385,smart_onboarding,2026-02-04,smart_onboarding_v1
U003386,smart_onboarding,2026-04-23,smart_onboarding_v1
U003387,control,2026-03-08,smart_onboarding_v1
U003388,control,2026-01-10,smart_onboarding_v1
U003389,control,2026-04-17,smart_onboarding_v1
U003390,smart_onboarding,2026-01-02,smart_onboarding_v1
U003391,control,2026-04-12,smart_onboarding_v1
U003392,control,2026-04-28,smart_onboarding_v1
U003393,smart_onboarding,2026-02-24,smart_onboarding_v1
U003394,control,2026-04-02,smart_onboarding_v1
U003395,control,2026-04-12,smart_onboarding_v1
U003396,control,2026-01-29,smart_onboarding_v1
U003397,smart_onboarding,2026-05-28,smart_onboarding_v1
U003398,control,2026-02-11,smart_onboarding_v1
U003399,smart_onboarding,2026-06-15,smart_onboarding_v1
U003400,smart_onboarding,2026-01-21,smart_onboarding_v1
U003401,smart_onboarding,2026-01-14,smart_onboarding_v1
U003402,control,2026-04-13,smart_onboarding_v1
U003403,smart_onboarding,2026-01-08,smart_onboarding_v1
U003404,control,2026-05-29,smart_onboarding_v1
U003405,control,2026-06-22,smart_onboarding_v1
U003406,smart_onboarding,2026-06-27,smart_onboarding_v1
U003407,control,2026-05-28,smart_onboarding_v1
U003408,smart_onboarding,2026-01-14,smart_onboarding_v1
U003409,control,2026-03-13,smart_onboarding_v1
U003410,smart_onboarding,2026-05-29,smart_onboarding_v1
U003411,smart_onboarding,2026-03-19,smart_onboarding_v1
U003412,control,2026-04-19,smart_onboarding_v1
U003413,smart_onboarding,2026-04-06,smart_onboarding_v1
U003414,control,2026-05-04,smart_onboarding_v1
U003415,smart_onboarding,2026-05-28,smart_onboarding_v1
U003416,smart_onboarding,2026-01-10,smart_onboarding_v1
U003417,control,2026-05-05,smart_onboarding_v1
U003418,control,2026-01-24,smart_onboarding_v1
U003419,smart_onboarding,2026-06-04,smart_onboarding_v1
U003420,smart_onboarding,2026-03-21,smart_onboarding_v1
U003421,smart_onboarding,2026-02-26,smart_onboarding_v1
U003422,smart_onboarding,2026-05-25,smart_onboarding_v1
U003423,smart_onboarding,2026-02-26,smart_onboarding_v1
U003424,control,2026-01-04,smart_onboarding_v1
U003425,control,2026-04-16,smart_onboarding_v1
U003426,control,2026-03-07,smart_onboarding_v1
U003427,smart_onboarding,2026-03-13,smart_onboarding_v1
U003428,smart_onboarding,2026-05-02,smart_onboarding_v1
U003429,control,2026-03-22,smart_onboarding_v1
U003430,smart_onboarding,2026-02-10,smart_onboarding_v1
U003431,control,2026-04-27,smart_onboarding_v1
U003432,control,2026-01-26,smart_onboarding_v1
U003433,smart_onboarding,2026-02-16,smart_onboarding_v1
U003434,smart_onboarding,2026-01-06,smart_onboarding_v1
U003435,control,2026-06-07,smart_onboarding_v1
U003436,smart_onboarding,2026-04-07,smart_onboarding_v1
U003437,smart_onboarding,2026-06-23,smart_onboarding_v1
U003438,smart_onboarding,2026-06-21,smart_onboarding_v1
U003439,smart_onboarding,2026-04-13,smart_onboarding_v1
U003440,smart_onboarding,2026-05-13,smart_onboarding_v1
U003441,smart_onboarding,2026-03-21,smart_onboarding_v1
U003442,control,2026-06-09,smart_onboarding_v1
U003443,smart_onboarding,2026-03-03,smart_onboarding_v1
U003444,control,2026-06-01,smart_onboarding_v1
U003445,control,2026-05-23,smart_onboarding_v1
U003446,control,2026-04-10,smart_onboarding_v1
U003447,smart_onboarding,2026-01-01,smart_onboarding_v1
U003448,smart_onboarding,2026-03-19,smart_onboarding_v1
U003449,smart_onboarding,2026-01-10,smart_onboarding_v1
U003450,smart_onboarding,2026-01-04,smart_onboarding_v1
U003451,control,2026-05-27,smart_onboarding_v1
U003452,smart_onboarding,2026-01-31,smart_onboarding_v1
U003453,control,2026-03-02,smart_onboarding_v1
U003454,smart_onboarding,2026-01-31,smart_onboarding_v1
U003455,control,2026-02-26,smart_onboarding_v1
U003456,smart_onboarding,2026-05-13,smart_onboarding_v1
U003457,control,2026-01-07,smart_onboarding_v1
U003458,smart_onboarding,2026-06-03,smart_onboarding_v1
U003459,control,2026-02-25,smart_onboarding_v1
U003460,control,2026-06-08,smart_onboarding_v1
U003461,smart_onboarding,2026-05-04,smart_onboarding_v1
U003462,smart_onboarding,2026-05-04,smart_onboarding_v1
U003463,control,2026-01-11,smart_onboarding_v1
U003464,smart_onboarding,2026-05-03,smart_onboarding_v1
U003465,smart_onboarding,2026-04-19,smart_onboarding_v1
U003466,smart_onboarding,2026-03-06,smart_onboarding_v1
U003467,smart_onboarding,2026-04-24,smart_onboarding_v1
U003468,smart_onboarding,2026-06-06,smart_onboarding_v1
U003469,control,2026-04-17,smart_onboarding_v1
U003470,smart_onboarding,2026-04-10,smart_onboarding_v1
U003471,smart_onboarding,2026-03-03,smart_onboarding_v1
U003472,control,2026-06-21,smart_onboarding_v1
U003473,control,2026-04-15,smart_onboarding_v1
U003474,smart_onboarding,2026-01-16,smart_onboarding_v1
U003475,smart_onboarding,2026-06-07,smart_onboarding_v1
U003476,smart_onboarding,2026-05-01,smart_onboarding_v1
U003477,control,2026-06-25,smart_onboarding_v1
U003478,control,2026-05-05,smart_onboarding_v1
U003479,smart_onboarding,2026-04-03,smart_onboarding_v1
U003480,smart_onboarding,2026-05-16,smart_onboarding_v1
U003481,control,2026-02-21,smart_onboarding_v1
U003482,control,2026-04-20,smart_onboarding_v1
U003483,smart_onboarding,2026-06-18,smart_onboarding_v1
U003484,control,2026-06-02,smart_onboarding_v1
U003485,control,2026-04-05,smart_onboarding_v1
U003486,control,2026-06-04,smart_onboarding_v1
U003487,control,2026-04-24,smart_onboarding_v1
U003488,smart_onboarding,2026-06-22,smart_onboarding_v1
U003489,control,2026-05-10,smart_onboarding_v1
U003490,smart_onboarding,2026-04-26,smart_onboarding_v1
U003491,smart_onboarding,2026-04-24,smart_onboarding_v1
U003492,smart_onboarding,2026-04-03,smart_onboarding_v1
U003493,smart_onboarding,2026-05-04,smart_onboarding_v1
U003494,control,2026-05-20,smart_onboarding_v1
U003495,control,2026-01-16,smart_onboarding_v1
U003496,smart_onboarding,2026-04-21,smart_onboarding_v1
U003497,control,2026-06-04,smart_onboarding_v1
U003498,smart_onboarding,2026-04-14,smart_onboarding_v1
U003499,smart_onboarding,2026-06-15,smart_onboarding_v1
U003500,control,2026-04-29,smart_onboarding_v1
U003501,control,2026-02-09,smart_onboarding_v1
U003502,control,2026-06-21,smart_onboarding_v1
U003503,smart_onboarding,2026-03-23,smart_onboarding_v1
U003504,control,2026-01-01,smart_onboarding_v1
U003505,smart_onboarding,2026-02-02,smart_onboarding_v1
U003506,control,2026-04-22,smart_onboarding_v1
U003507,control,2026-06-10,smart_onboarding_v1
U003508,control,2026-03-05,smart_onboarding_v1
U003509,control,2026-03-16,smart_onboarding_v1
U003510,control,2026-04-09,smart_onboarding_v1
U003511,control,2026-03-31,smart_onboarding_v1
U003512,control,2026-03-23,smart_onboarding_v1
U003513,smart_onboarding,2026-02-09,smart_onboarding_v1
U003514,control,2026-03-21,smart_onboarding_v1
U003515,smart_onboarding,2026-06-29,smart_onboarding_v1
U003516,control,2026-04-03,smart_onboarding_v1
U003517,control,2026-01-17,smart_onboarding_v1
U003518,smart_onboarding,2026-01-05,smart_onboarding_v1
U003519,smart_onboarding,2026-01-29,smart_onboarding_v1
U003520,control,2026-01-10,smart_onboarding_v1
U003521,control,2026-03-23,smart_onboarding_v1
U003522,control,2026-03-14,smart_onboarding_v1
U003523,smart_onboarding,2026-06-07,smart_onboarding_v1
U003524,control,2026-06-20,smart_onboarding_v1
U003525,smart_onboarding,2026-06-20,smart_onboarding_v1
U003526,smart_onboarding,2026-02-03,smart_onboarding_v1
U003527,control,2026-06-20,smart_onboarding_v1
U003528,control,2026-01-06,smart_onboarding_v1
U003529,smart_onboarding,2026-01-25,smart_onboarding_v1
U003530,control,2026-03-01,smart_onboarding_v1
U003531,smart_onboarding,2026-05-30,smart_onboarding_v1
U003532,control,2026-01-10,smart_onboarding_v1
U003533,control,2026-01-07,smart_onboarding_v1
U003534,control,2026-02-26,smart_onboarding_v1
U003535,smart_onboarding,2026-03-23,smart_onboarding_v1
U003536,control,2026-02-23,smart_onboarding_v1
U003537,control,2026-01-14,smart_onboarding_v1
U003538,smart_onboarding,2026-04-05,smart_onboarding_v1
U003539,control,2026-03-13,smart_onboarding_v1
U003540,control,2026-01-31,smart_onboarding_v1
U003541,control,2026-04-03,smart_onboarding_v1
U003542,control,2026-03-26,smart_onboarding_v1
U003543,control,2026-03-23,smart_onboarding_v1
U003544,smart_onboarding,2026-05-21,smart_onboarding_v1
U003545,control,2026-01-15,smart_onboarding_v1
U003546,smart_onboarding,2026-05-14,smart_onboarding_v1
U003547,smart_onboarding,2026-06-20,smart_onboarding_v1
U003548,control,2026-06-25,smart_onboarding_v1
U003549,control,2026-04-20,smart_onboarding_v1
U003550,control,2026-05-07,smart_onboarding_v1
U003551,smart_onboarding,2026-05-13,smart_onboarding_v1
U003552,smart_onboarding,2026-06-07,smart_onboarding_v1
U003553,smart_onboarding,2026-03-08,smart_onboarding_v1
U003554,smart_onboarding,2026-02-02,smart_onboarding_v1
U003555,smart_onboarding,2026-05-29,smart_onboarding_v1
U003556,control,2026-01-24,smart_onboarding_v1
U003557,control,2026-06-26,smart_onboarding_v1
U003558,control,2026-03-26,smart_onboarding_v1
U003559,control,2026-05-27,smart_onboarding_v1
U003560,control,2026-03-13,smart_onboarding_v1
U003561,control,2026-05-31,smart_onboarding_v1
U003562,smart_onboarding,2026-01-07,smart_onboarding_v1
U003563,smart_onboarding,2026-02-22,smart_onboarding_v1
U003564,control,2026-05-05,smart_onboarding_v1
U003565,smart_onboarding,2026-05-29,smart_onboarding_v1
U003566,control,2026-02-19,smart_onboarding_v1
U003567,control,2026-01-29,smart_onboarding_v1
U003568,control,2026-03-17,smart_onboarding_v1
U003569,control,2026-01-02,smart_onboarding_v1
U003570,control,2026-05-06,smart_onboarding_v1
U003571,control,2026-05-12,smart_onboarding_v1
U003572,smart_onboarding,2026-06-24,smart_onboarding_v1
U003573,control,2026-02-13,smart_onboarding_v1
U003574,control,2026-01-19,smart_onboarding_v1
U003575,smart_onboarding,2026-06-24,smart_onboarding_v1
U003576,control,2026-01-31,smart_onboarding_v1
U003577,control,2026-03-31,smart_onboarding_v1
U003578,smart_onboarding,2026-01-22,smart_onboarding_v1
U003579,smart_onboarding,2026-03-09,smart_onboarding_v1
U003580,smart_onboarding,2026-03-23,smart_onboarding_v1
U003581,smart_onboarding,2026-01-27,smart_onboarding_v1
U003582,control,2026-05-29,smart_onboarding_v1
U003583,smart_onboarding,2026-04-28,smart_onboarding_v1
U003584,control,2026-01-11,smart_onboarding_v1
U003585,control,2026-03-10,smart_onboarding_v1
U003586,control,2026-02-22,smart_onboarding_v1
U003587,smart_onboarding,2026-02-15,smart_onboarding_v1
U003588,control,2026-06-19,smart_onboarding_v1
U003589,control,2026-03-30,smart_onboarding_v1
U003590,control,2026-02-11,smart_onboarding_v1
U003591,smart_onboarding,2026-04-23,smart_onboarding_v1
U003592,control,2026-06-05,smart_onboarding_v1
U003593,control,2026-06-10,smart_onboarding_v1
U003594,smart_onboarding,2026-05-17,smart_onboarding_v1
U003595,smart_onboarding,2026-03-30,smart_onboarding_v1
U003596,smart_onboarding,2026-01-08,smart_onboarding_v1
U003597,smart_onboarding,2026-04-11,smart_onboarding_v1
U003598,smart_onboarding,2026-02-10,smart_onboarding_v1
U003599,smart_onboarding,2026-05-30,smart_onboarding_v1
U003600,control,2026-05-09,smart_onboarding_v1
U003601,smart_onboarding,2026-03-09,smart_onboarding_v1
U003602,smart_onboarding,2026-01-14,smart_onboarding_v1
U003603,control,2026-05-10,smart_onboarding_v1
U003604,control,2026-01-19,smart_onboarding_v1
U003605,control,2026-05-13,smart_onboarding_v1
U003606,smart_onboarding,2026-05-05,smart_onboarding_v1
U003607,smart_onboarding,2026-02-28,smart_onboarding_v1
U003608,control,2026-03-30,smart_onboarding_v1
U003609,smart_onboarding,2026-06-20,smart_onboarding_v1
U003610,smart_onboarding,2026-01-20,smart_onboarding_v1
U003611,control,2026-02-11,smart_onboarding_v1
U003612,smart_onboarding,2026-06-24,smart_onboarding_v1
U003613,smart_onboarding,2026-01-19,smart_onboarding_v1
U003614,control,2026-07-01,smart_onboarding_v1
U003615,smart_onboarding,2026-03-29,smart_onboarding_v1
U003616,control,2026-01-18,smart_onboarding_v1
U003617,control,2026-03-06,smart_onboarding_v1
U003618,smart_onboarding,2026-03-10,smart_onboarding_v1
U003619,smart_onboarding,2026-02-01,smart_onboarding_v1
U003620,control,2026-06-16,smart_onboarding_v1
U003621,smart_onboarding,2026-02-15,smart_onboarding_v1
U003622,control,2026-01-30,smart_onboarding_v1
U003623,control,2026-06-24,smart_onboarding_v1
U003624,smart_onboarding,2026-05-12,smart_onboarding_v1
U003625,control,2026-03-29,smart_onboarding_v1
U003626,smart_onboarding,2026-06-30,smart_onboarding_v1
U003627,control,2026-04-25,smart_onboarding_v1
U003628,control,2026-06-22,smart_onboarding_v1
U003629,smart_onboarding,2026-02-12,smart_onboarding_v1
U003630,smart_onboarding,2026-03-18,smart_onboarding_v1
U003631,smart_onboarding,2026-01-26,smart_onboarding_v1
U003632,control,2026-06-14,smart_onboarding_v1
U003633,control,2026-02-07,smart_onboarding_v1
U003634,control,2026-03-16,smart_onboarding_v1
U003635,control,2026-05-14,smart_onboarding_v1
U003636,control,2026-01-15,smart_onboarding_v1
U003637,control,2026-02-04,smart_onboarding_v1
U003638,smart_onboarding,2026-01-07,smart_onboarding_v1
U003639,control,2026-02-01,smart_onboarding_v1
U003640,smart_onboarding,2026-01-16,smart_onboarding_v1
U003641,smart_onboarding,2026-03-30,smart_onboarding_v1
U003642,control,2026-06-09,smart_onboarding_v1
U003643,control,2026-03-07,smart_onboarding_v1
U003644,smart_onboarding,2026-04-29,smart_onboarding_v1
U003645,smart_onboarding,2026-06-01,smart_onboarding_v1
U003646,smart_onboarding,2026-05-21,smart_onboarding_v1
U003647,smart_onboarding,2026-04-04,smart_onboarding_v1
U003648,smart_onboarding,2026-02-13,smart_onboarding_v1
U003649,control,2026-01-07,smart_onboarding_v1
U003650,control,2026-02-11,smart_onboarding_v1
U003651,control,2026-04-02,smart_onboarding_v1
U003652,smart_onboarding,2026-04-17,smart_onboarding_v1
U003653,control,2026-05-29,smart_onboarding_v1
U003654,smart_onboarding,2026-05-26,smart_onboarding_v1
U003655,control,2026-01-05,smart_onboarding_v1
U003656,smart_onboarding,2026-04-23,smart_onboarding_v1
U003657,smart_onboarding,2026-01-28,smart_onboarding_v1
U003658,smart_onboarding,2026-05-22,smart_onboarding_v1
U003659,smart_onboarding,2026-04-29,smart_onboarding_v1
U003660,control,2026-05-08,smart_onboarding_v1
U003661,smart_onboarding,2026-06-08,smart_onboarding_v1
U003662,smart_onboarding,2026-04-27,smart_onboarding_v1
U003663,control,2026-04-09,smart_onboarding_v1
U003664,smart_onboarding,2026-02-01,smart_onboarding_v1
U003665,smart_onboarding,2026-06-10,smart_onboarding_v1
U003666,smart_onboarding,2026-04-26,smart_onboarding_v1
U003667,control,2026-03-08,smart_onboarding_v1
U003668,control,2026-03-14,smart_onboarding_v1
U003669,smart_onboarding,2026-03-13,smart_onboarding_v1
U003670,control,2026-01-23,smart_onboarding_v1
U003671,control,2026-03-26,smart_onboarding_v1
U003672,smart_onboarding,2026-04-12,smart_onboarding_v1
U003673,control,2026-03-05,smart_onboarding_v1
U003674,control,2026-03-14,smart_onboarding_v1
U003675,smart_onboarding,2026-06-26,smart_onboarding_v1
U003676,control,2026-04-02,smart_onboarding_v1
U003677,control,2026-06-05,smart_onboarding_v1
U003678,smart_onboarding,2026-05-20,smart_onboarding_v1
U003679,control,2026-03-30,smart_onboarding_v1
U003680,control,2026-01-06,smart_onboarding_v1
U003681,control,2026-03-14,smart_onboarding_v1
U003682,control,2026-03-28,smart_onboarding_v1
U003683,smart_onboarding,2026-04-22,smart_onboarding_v1
U003684,smart_onboarding,2026-01-13,smart_onboarding_v1
U003685,control,2026-02-14,smart_onboarding_v1
U003686,control,2026-06-25,smart_onboarding_v1
U003687,smart_onboarding,2026-02-18,smart_onboarding_v1
U003688,smart_onboarding,2026-06-08,smart_onboarding_v1
U003689,control,2026-03-14,smart_onboarding_v1
U003690,control,2026-01-28,smart_onboarding_v1
U003691,control,2026-01-04,smart_onboarding_v1
U003692,smart_onboarding,2026-05-10,smart_onboarding_v1
U003693,smart_onboarding,2026-04-11,smart_onboarding_v1
U003694,smart_onboarding,2026-03-05,smart_onboarding_v1
U003695,smart_onboarding,2026-01-13,smart_onboarding_v1
U003696,control,2026-06-03,smart_onboarding_v1
U003697,control,2026-06-01,smart_onboarding_v1
U003698,control,2026-05-14,smart_onboarding_v1
U003699,smart_onboarding,2026-05-04,smart_onboarding_v1
U003700,control,2026-03-22,smart_onboarding_v1
U003701,smart_onboarding,2026-03-19,smart_onboarding_v1
U003702,control,2026-05-31,smart_onboarding_v1
U003703,control,2026-02-19,smart_onboarding_v1
U003704,control,2026-06-15,smart_onboarding_v1
U003705,control,2026-05-13,smart_onboarding_v1
U003706,smart_onboarding,2026-06-09,smart_onboarding_v1
U003707,control,2026-03-05,smart_onboarding_v1
U003708,smart_onboarding,2026-01-17,smart_onboarding_v1
U003709,control,2026-03-28,smart_onboarding_v1
U003710,smart_onboarding,2026-05-10,smart_onboarding_v1
U003711,smart_onboarding,2026-04-04,smart_onboarding_v1
U003712,control,2026-04-04,smart_onboarding_v1
U003713,control,2026-01-06,smart_onboarding_v1
U003714,control,2026-03-08,smart_onboarding_v1
U003715,control,2026-06-15,smart_onboarding_v1
U003716,control,2026-03-03,smart_onboarding_v1
U003717,control,2026-01-08,smart_onboarding_v1
U003718,control,2026-06-16,smart_onboarding_v1
U003719,smart_onboarding,2026-02-21,smart_onboarding_v1
U003720,control,2026-07-01,smart_onboarding_v1
U003721,control,2026-05-14,smart_onboarding_v1
U003722,smart_onboarding,2026-06-08,smart_onboarding_v1
U003723,smart_onboarding,2026-06-03,smart_onboarding_v1
U003724,smart_onboarding,2026-01-24,smart_onboarding_v1
U003725,smart_onboarding,2026-04-13,smart_onboarding_v1
U003726,control,2026-01-06,smart_onboarding_v1
U003727,control,2026-03-23,smart_onboarding_v1
U003728,control,2026-06-29,smart_onboarding_v1
U003729,control,2026-04-02,smart_onboarding_v1
U003730,smart_onboarding,2026-01-18,smart_onboarding_v1
U003731,smart_onboarding,2026-01-02,smart_onboarding_v1
U003732,smart_onboarding,2026-04-18,smart_onboarding_v1
U003733,control,2026-02-26,smart_onboarding_v1
U003734,smart_onboarding,2026-06-02,smart_onboarding_v1
U003735,smart_onboarding,2026-06-10,smart_onboarding_v1
U003736,smart_onboarding,2026-05-10,smart_onboarding_v1
U003737,control,2026-06-06,smart_onboarding_v1
U003738,smart_onboarding,2026-04-01,smart_onboarding_v1
U003739,smart_onboarding,2026-01-29,smart_onboarding_v1
U003740,smart_onboarding,2026-01-26,smart_onboarding_v1
U003741,control,2026-01-26,smart_onboarding_v1
U003742,control,2026-02-26,smart_onboarding_v1
U003743,control,2026-03-07,smart_onboarding_v1
U003744,smart_onboarding,2026-04-09,smart_onboarding_v1
U003745,control,2026-05-01,smart_onboarding_v1
U003746,control,2026-01-13,smart_onboarding_v1
U003747,control,2026-05-23,smart_onboarding_v1
U003748,smart_onboarding,2026-03-22,smart_onboarding_v1
U003749,smart_onboarding,2026-01-21,smart_onboarding_v1
U003750,smart_onboarding,2026-04-02,smart_onboarding_v1
U003751,control,2026-05-28,smart_onboarding_v1
U003752,control,2026-06-09,smart_onboarding_v1
U003753,control,2026-03-08,smart_onboarding_v1
U003754,control,2026-02-23,smart_onboarding_v1
U003755,smart_onboarding,2026-05-11,smart_onboarding_v1
U003756,smart_onboarding,2026-01-30,smart_onboarding_v1
U003757,control,2026-03-18,smart_onboarding_v1
U003758,control,2026-06-03,smart_onboarding_v1
U003759,control,2026-02-25,smart_onboarding_v1
U003760,control,2026-02-26,smart_onboarding_v1
U003761,smart_onboarding,2026-05-03,smart_onboarding_v1
U003762,control,2026-05-19,smart_onboarding_v1
U003763,smart_onboarding,2026-01-28,smart_onboarding_v1
U003764,control,2026-01-24,smart_onboarding_v1
U003765,control,2026-06-09,smart_onboarding_v1
U003766,smart_onboarding,2026-06-30,smart_onboarding_v1
U003767,smart_onboarding,2026-03-13,smart_onboarding_v1
U003768,control,2026-03-11,smart_onboarding_v1
U003769,control,2026-06-18,smart_onboarding_v1
U003770,smart_onboarding,2026-03-25,smart_onboarding_v1
U003771,control,2026-05-29,smart_onboarding_v1
U003772,control,2026-05-15,smart_onboarding_v1
U003773,smart_onboarding,2026-06-29,smart_onboarding_v1
U003774,control,2026-01-11,smart_onboarding_v1
U003775,control,2026-06-30,smart_onboarding_v1
U003776,control,2026-05-11,smart_onboarding_v1
U003777,control,2026-05-26,smart_onboarding_v1
U003778,smart_onboarding,2026-01-24,smart_onboarding_v1
U003779,control,2026-04-14,smart_onboarding_v1
U003780,control,2026-03-12,smart_onboarding_v1
U003781,control,2026-02-01,smart_onboarding_v1
U003782,smart_onboarding,2026-01-06,smart_onboarding_v1
U003783,smart_onboarding,2026-05-04,smart_onboarding_v1
U003784,control,2026-04-23,smart_onboarding_v1
U003785,control,2026-02-06,smart_onboarding_v1
U003786,control,2026-03-10,smart_onboarding_v1
U003787,smart_onboarding,2026-03-10,smart_onboarding_v1
U003788,smart_onboarding,2026-06-21,smart_onboarding_v1
U003789,control,2026-01-06,smart_onboarding_v1
U003790,smart_onboarding,2026-01-23,smart_onboarding_v1
U003791,smart_onboarding,2026-05-24,smart_onboarding_v1
U003792,control,2026-04-19,smart_onboarding_v1
U003793,control,2026-02-02,smart_onboarding_v1
U003794,smart_onboarding,2026-02-10,smart_onboarding_v1
U003795,smart_onboarding,2026-02-20,smart_onboarding_v1
U003796,control,2026-06-28,smart_onboarding_v1
U003797,smart_onboarding,2026-05-24,smart_onboarding_v1
U003798,control,2026-03-03,smart_onboarding_v1
U003799,control,2026-06-06,smart_onboarding_v1
U003800,smart_onboarding,2026-07-01,smart_onboarding_v1
U003801,smart_onboarding,2026-05-01,smart_onboarding_v1
U003802,smart_onboarding,2026-04-18,smart_onboarding_v1
U003803,control,2026-03-25,smart_onboarding_v1
U003804,control,2026-03-15,smart_onboarding_v1
U003805,control,2026-04-26,smart_onboarding_v1
U003806,control,2026-05-09,smart_onboarding_v1
U003807,smart_onboarding,2026-03-23,smart_onboarding_v1
U003808,smart_onboarding,2026-04-20,smart_onboarding_v1
U003809,smart_onboarding,2026-05-10,smart_onboarding_v1
U003810,smart_onboarding,2026-04-30,smart_onboarding_v1
U003811,smart_onboarding,2026-03-26,smart_onboarding_v1
U003812,smart_onboarding,2026-01-13,smart_onboarding_v1
U003813,smart_onboarding,2026-02-05,smart_onboarding_v1
U003814,smart_onboarding,2026-02-08,smart_onboarding_v1
U003815,smart_onboarding,2026-02-20,smart_onboarding_v1
U003816,control,2026-06-13,smart_onboarding_v1
U003817,control,2026-04-24,smart_onboarding_v1
U003818,smart_onboarding,2026-05-09,smart_onboarding_v1
U003819,control,2026-03-18,smart_onboarding_v1
U003820,control,2026-05-10,smart_onboarding_v1
U003821,control,2026-02-17,smart_onboarding_v1
U003822,control,2026-06-24,smart_onboarding_v1
U003823,smart_onboarding,2026-02-14,smart_onboarding_v1
U003824,smart_onboarding,2026-06-06,smart_onboarding_v1
U003825,control,2026-02-08,smart_onboarding_v1
U003826,smart_onboarding,2026-03-31,smart_onboarding_v1
U003827,smart_onboarding,2026-06-27,smart_onboarding_v1
U003828,smart_onboarding,2026-02-13,smart_onboarding_v1
U003829,smart_onboarding,2026-05-29,smart_onboarding_v1
U003830,control,2026-05-24,smart_onboarding_v1
U003831,control,2026-05-19,smart_onboarding_v1
U003832,smart_onboarding,2026-02-09,smart_onboarding_v1
U003833,control,2026-01-19,smart_onboarding_v1
U003834,control,2026-03-21,smart_onboarding_v1
U003835,control,2026-06-09,smart_onboarding_v1
U003836,control,2026-03-14,smart_onboarding_v1
U003837,smart_onboarding,2026-03-13,smart_onboarding_v1
U003838,smart_onboarding,2026-06-29,smart_onboarding_v1
U003839,smart_onboarding,2026-01-23,smart_onboarding_v1
U003840,control,2026-05-10,smart_onboarding_v1
U003841,control,2026-02-19,smart_onboarding_v1
U003842,control,2026-04-16,smart_onboarding_v1
U003843,control,2026-05-10,smart_onboarding_v1
U003844,smart_onboarding,2026-06-17,smart_onboarding_v1
U003845,control,2026-06-07,smart_onboarding_v1
U003846,control,2026-05-17,smart_onboarding_v1
U003847,smart_onboarding,2026-01-19,smart_onboarding_v1
U003848,smart_onboarding,2026-03-25,smart_onboarding_v1
U003849,control,2026-05-28,smart_onboarding_v1
U003850,smart_onboarding,2026-05-13,smart_onboarding_v1
U003851,control,2026-03-08,smart_onboarding_v1
U003852,smart_onboarding,2026-05-18,smart_onboarding_v1
U003853,control,2026-03-05,smart_onboarding_v1
U003854,control,2026-03-20,smart_onboarding_v1
U003855,smart_onboarding,2026-04-10,smart_onboarding_v1
U003856,control,2026-04-16,smart_onboarding_v1
U003857,control,2026-04-07,smart_onboarding_v1
U003858,smart_onboarding,2026-04-20,smart_onboarding_v1
U003859,control,2026-05-07,smart_onboarding_v1
U003860,control,2026-02-19,smart_onboarding_v1
U003861,control,2026-06-02,smart_onboarding_v1
U003862,smart_onboarding,2026-03-09,smart_onboarding_v1
U003863,control,2026-02-20,smart_onboarding_v1
U003864,control,2026-03-04,smart_onboarding_v1
U003865,smart_onboarding,2026-02-24,smart_onboarding_v1
U003866,smart_onboarding,2026-06-20,smart_onboarding_v1
U003867,smart_onboarding,2026-05-07,smart_onboarding_v1
U003868,smart_onboarding,2026-06-09,smart_onboarding_v1
U003869,control,2026-02-21,smart_onboarding_v1
U003870,control,2026-02-24,smart_onboarding_v1
U003871,control,2026-02-13,smart_onboarding_v1
U003872,control,2026-03-24,smart_onboarding_v1
U003873,smart_onboarding,2026-02-08,smart_onboarding_v1
U003874,smart_onboarding,2026-06-22,smart_onboarding_v1
U003875,smart_onboarding,2026-06-08,smart_onboarding_v1
U003876,control,2026-06-18,smart_onboarding_v1
U003877,smart_onboarding,2026-03-09,smart_onboarding_v1
U003878,control,2026-04-01,smart_onboarding_v1
U003879,control,2026-05-22,smart_onboarding_v1
U003880,smart_onboarding,2026-01-04,smart_onboarding_v1
U003881,smart_onboarding,2026-05-01,smart_onboarding_v1
U003882,smart_onboarding,2026-03-29,smart_onboarding_v1
U003883,smart_onboarding,2026-05-10,smart_onboarding_v1
U003884,smart_onboarding,2026-04-16,smart_onboarding_v1
U003885,smart_onboarding,2026-04-16,smart_onboarding_v1
U003886,control,2026-01-28,smart_onboarding_v1
U003887,control,2026-05-08,smart_onboarding_v1
U003888,control,2026-01-23,smart_onboarding_v1
U003889,smart_onboarding,2026-02-20,smart_onboarding_v1
U003890,smart_onboarding,2026-05-05,smart_onboarding_v1
U003891,control,2026-01-17,smart_onboarding_v1
U003892,smart_onboarding,2026-03-30,smart_onboarding_v1
U003893,control,2026-01-24,smart_onboarding_v1
U003894,control,2026-04-01,smart_onboarding_v1
U003895,control,2026-03-28,smart_onboarding_v1
U003896,smart_onboarding,2026-06-10,smart_onboarding_v1
U003897,smart_onboarding,2026-04-01,smart_onboarding_v1
U003898,control,2026-03-07,smart_onboarding_v1
U003899,control,2026-02-24,smart_onboarding_v1
U003900,smart_onboarding,2026-02-23,smart_onboarding_v1
U003901,smart_onboarding,2026-04-10,smart_onboarding_v1
U003902,control,2026-01-29,smart_onboarding_v1
U003903,control,2026-01-03,smart_onboarding_v1
U003904,smart_onboarding,2026-02-15,smart_onboarding_v1
U003905,smart_onboarding,2026-01-06,smart_onboarding_v1
U003906,smart_onboarding,2026-03-24,smart_onboarding_v1
U003907,control,2026-04-11,smart_onboarding_v1
U003908,control,2026-05-29,smart_onboarding_v1
U003909,smart_onboarding,2026-04-27,smart_onboarding_v1
U003910,control,2026-03-29,smart_onboarding_v1
U003911,control,2026-02-25,smart_onboarding_v1
U003912,control,2026-01-14,smart_onboarding_v1
U003913,control,2026-01-12,smart_onboarding_v1
U003914,smart_onboarding,2026-04-02,smart_onboarding_v1
U003915,control,2026-04-11,smart_onboarding_v1
U003916,smart_onboarding,2026-06-27,smart_onboarding_v1
U003917,control,2026-02-08,smart_onboarding_v1
U003918,control,2026-02-27,smart_onboarding_v1
U003919,control,2026-06-26,smart_onboarding_v1
U003920,smart_onboarding,2026-03-18,smart_onboarding_v1
U003921,smart_onboarding,2026-04-01,smart_onboarding_v1
U003922,smart_onboarding,2026-02-22,smart_onboarding_v1
U003923,smart_onboarding,2026-03-14,smart_onboarding_v1
U003924,control,2026-04-25,smart_onboarding_v1
U003925,smart_onboarding,2026-01-25,smart_onboarding_v1
U003926,smart_onboarding,2026-06-18,smart_onboarding_v1
U003927,smart_onboarding,2026-04-12,smart_onboarding_v1
U003928,smart_onboarding,2026-02-19,smart_onboarding_v1
U003929,control,2026-04-13,smart_onboarding_v1
U003930,smart_onboarding,2026-06-27,smart_onboarding_v1
U003931,control,2026-01-06,smart_onboarding_v1
U003932,control,2026-02-25,smart_onboarding_v1
U003933,smart_onboarding,2026-06-04,smart_onboarding_v1
U003934,smart_onboarding,2026-05-31,smart_onboarding_v1
U003935,smart_onboarding,2026-02-08,smart_onboarding_v1
U003936,control,2026-01-20,smart_onboarding_v1
U003937,smart_onboarding,2026-02-04,smart_onboarding_v1
U003938,control,2026-06-06,smart_onboarding_v1
U003939,smart_onboarding,2026-01-06,smart_onboarding_v1
U003940,smart_onboarding,2026-01-05,smart_onboarding_v1
U003941,smart_onboarding,2026-01-09,smart_onboarding_v1
U003942,smart_onboarding,2026-06-15,smart_onboarding_v1
U003943,smart_onboarding,2026-04-05,smart_onboarding_v1
U003944,smart_onboarding,2026-06-25,smart_onboarding_v1
U003945,control,2026-05-23,smart_onboarding_v1
U003946,smart_onboarding,2026-04-28,smart_onboarding_v1
U003947,smart_onboarding,2026-06-21,smart_onboarding_v1
U003948,control,2026-03-02,smart_onboarding_v1
U003949,control,2026-05-01,smart_onboarding_v1
U003950,smart_onboarding,2026-02-16,smart_onboarding_v1
U003951,smart_onboarding,2026-03-11,smart_onboarding_v1
U003952,control,2026-04-12,smart_onboarding_v1
U003953,smart_onboarding,2026-04-27,smart_onboarding_v1
U003954,control,2026-03-03,smart_onboarding_v1
U003955,control,2026-02-01,smart_onboarding_v1
U003956,control,2026-06-03,smart_onboarding_v1
U003957,control,2026-06-05,smart_onboarding_v1
U003958,control,2026-03-11,smart_onboarding_v1
U003959,control,2026-05-12,smart_onboarding_v1
U003960,smart_onboarding,2026-05-30,smart_onboarding_v1
U003961,control,2026-04-12,smart_onboarding_v1
U003962,control,2026-02-01,smart_onboarding_v1
U003963,control,2026-04-01,smart_onboarding_v1
U003964,control,2026-02-03,smart_onboarding_v1
U003965,control,2026-04-02,smart_onboarding_v1
U003966,smart_onboarding,2026-04-23,smart_onboarding_v1
U003967,smart_onboarding,2026-03-08,smart_onboarding_v1
U003968,smart_onboarding,2026-06-14,smart_onboarding_v1
U003969,control,2026-02-15,smart_onboarding_v1
U003970,smart_onboarding,2026-02-13,smart_onboarding_v1
U003971,smart_onboarding,2026-06-30,smart_onboarding_v1
U003972,control,2026-03-10,smart_onboarding_v1
U003973,control,2026-03-04,smart_onboarding_v1
U003974,smart_onboarding,2026-03-07,smart_onboarding_v1
U003975,smart_onboarding,2026-03-20,smart_onboarding_v1
U003976,smart_onboarding,2026-05-07,smart_onboarding_v1
U003977,smart_onboarding,2026-04-15,smart_onboarding_v1
U003978,control,2026-02-22,smart_onboarding_v1
U003979,control,2026-06-11,smart_onboarding_v1
U003980,smart_onboarding,2026-03-23,smart_onboarding_v1
U003981,control,2026-05-22,smart_onboarding_v1
U003982,control,2026-05-30,smart_onboarding_v1
U003983,control,2026-03-30,smart_onboarding_v1
U003984,control,2026-05-13,smart_onboarding_v1
U003985,smart_onboarding,2026-03-22,smart_onboarding_v1
U003986,control,2026-04-08,smart_onboarding_v1
U003987,control,2026-01-20,smart_onboarding_v1
U003988,smart_onboarding,2026-06-16,smart_onboarding_v1
U003989,smart_onboarding,2026-04-20,smart_onboarding_v1
U003990,control,2026-05-28,smart_onboarding_v1
U003991,control,2026-04-19,smart_onboarding_v1
U003992,smart_onboarding,2026-02-20,smart_onboarding_v1
U003993,control,2026-05-08,smart_onboarding_v1
U003994,smart_onboarding,2026-01-24,smart_onboarding_v1
U003995,smart_onboarding,2026-01-19,smart_onboarding_v1
U003996,smart_onboarding,2026-01-30,smart_onboarding_v1
U003997,smart_onboarding,2026-02-21,smart_onboarding_v1
U003998,smart_onboarding,2026-04-23,smart_onboarding_v1
U003999,control,2026-05-23,smart_onboarding_v1
U004000,smart_onboarding,2026-03-15,smart_onboarding_v1
U004001,control,2026-03-30,smart_onboarding_v1
U004002,control,2026-04-19,smart_onboarding_v1
U004003,control,2026-05-07,smart_onboarding_v1
U004004,control,2026-01-12,smart_onboarding_v1
U004005,control,2026-03-31,smart_onboarding_v1
U004006,control,2026-01-26,smart_onboarding_v1
U004007,control,2026-03-24,smart_onboarding_v1
U004008,control,2026-04-23,smart_onboarding_v1
U004009,control,2026-02-10,smart_onboarding_v1
U004010,smart_onboarding,2026-01-14,smart_onboarding_v1
U004011,smart_onboarding,2026-04-13,smart_onboarding_v1
U004012,smart_onboarding,2026-01-29,smart_onboarding_v1
U004013,smart_onboarding,2026-01-28,smart_onboarding_v1
U004014,smart_onboarding,2026-06-09,smart_onboarding_v1
U004015,control,2026-01-10,smart_onboarding_v1
U004016,smart_onboarding,2026-02-26,smart_onboarding_v1
U004017,control,2026-04-03,smart_onboarding_v1
U004018,control,2026-03-03,smart_onboarding_v1
U004019,control,2026-06-20,smart_onboarding_v1
U004020,control,2026-01-08,smart_onboarding_v1
U004021,control,2026-01-10,smart_onboarding_v1
U004022,smart_onboarding,2026-04-22,smart_onboarding_v1
U004023,smart_onboarding,2026-06-19,smart_onboarding_v1
U004024,smart_onboarding,2026-03-12,smart_onboarding_v1
U004025,control,2026-05-08,smart_onboarding_v1
U004026,smart_onboarding,2026-03-18,smart_onboarding_v1
U004027,smart_onboarding,2026-06-24,smart_onboarding_v1
U004028,control,2026-03-15,smart_onboarding_v1
U004029,control,2026-06-28,smart_onboarding_v1
U004030,control,2026-04-16,smart_onboarding_v1
U004031,smart_onboarding,2026-05-05,smart_onboarding_v1
U004032,smart_onboarding,2026-03-07,smart_onboarding_v1
U004033,control,2026-04-30,smart_onboarding_v1
U004034,smart_onboarding,2026-01-28,smart_onboarding_v1
U004035,smart_onboarding,2026-01-17,smart_onboarding_v1
U004036,smart_onboarding,2026-04-23,smart_onboarding_v1
U004037,control,2026-02-03,smart_onboarding_v1
U004038,smart_onboarding,2026-04-16,smart_onboarding_v1
U004039,control,2026-01-31,smart_onboarding_v1
U004040,control,2026-04-02,smart_onboarding_v1
U004041,control,2026-05-11,smart_onboarding_v1
U004042,control,2026-02-03,smart_onboarding_v1
U004043,smart_onboarding,2026-05-15,smart_onboarding_v1
U004044,smart_onboarding,2026-03-28,smart_onboarding_v1
U004045,smart_onboarding,2026-05-01,smart_onboarding_v1
U004046,smart_onboarding,2026-05-06,smart_onboarding_v1
U004047,smart_onboarding,2026-06-14,smart_onboarding_v1
U004048,smart_onboarding,2026-02-08,smart_onboarding_v1
U004049,control,2026-03-02,smart_onboarding_v1
U004050,smart_onboarding,2026-04-02,smart_onboarding_v1
U004051,control,2026-05-03,smart_onboarding_v1
U004052,smart_onboarding,2026-03-20,smart_onboarding_v1
U004053,smart_onboarding,2026-01-02,smart_onboarding_v1
U004054,smart_onboarding,2026-02-24,smart_onboarding_v1
U004055,control,2026-05-30,smart_onboarding_v1
U004056,smart_onboarding,2026-02-06,smart_onboarding_v1
U004057,smart_onboarding,2026-05-27,smart_onboarding_v1
U004058,smart_onboarding,2026-01-25,smart_onboarding_v1
U004059,smart_onboarding,2026-01-14,smart_onboarding_v1
U004060,control,2026-04-02,smart_onboarding_v1
U004061,control,2026-01-13,smart_onboarding_v1
U004062,smart_onboarding,2026-03-13,smart_onboarding_v1
U004063,control,2026-05-17,smart_onboarding_v1
U004064,smart_onboarding,2026-01-26,smart_onboarding_v1
U004065,control,2026-02-25,smart_onboarding_v1
U004066,control,2026-05-26,smart_onboarding_v1
U004067,control,2026-04-14,smart_onboarding_v1
U004068,smart_onboarding,2026-03-11,smart_onboarding_v1
U004069,control,2026-06-19,smart_onboarding_v1
U004070,smart_onboarding,2026-05-21,smart_onboarding_v1
U004071,control,2026-02-22,smart_onboarding_v1
U004072,smart_onboarding,2026-05-14,smart_onboarding_v1
U004073,smart_onboarding,2026-04-07,smart_onboarding_v1
U004074,smart_onboarding,2026-01-23,smart_onboarding_v1
U004075,control,2026-03-28,smart_onboarding_v1
U004076,smart_onboarding,2026-05-28,smart_onboarding_v1
U004077,control,2026-04-15,smart_onboarding_v1
U004078,control,2026-04-21,smart_onboarding_v1
U004079,smart_onboarding,2026-04-21,smart_onboarding_v1
U004080,control,2026-02-14,smart_onboarding_v1
U004081,smart_onboarding,2026-02-12,smart_onboarding_v1
U004082,control,2026-01-16,smart_onboarding_v1
U004083,control,2026-06-30,smart_onboarding_v1
U004084,smart_onboarding,2026-03-19,smart_onboarding_v1
U004085,smart_onboarding,2026-02-02,smart_onboarding_v1
U004086,smart_onboarding,2026-02-05,smart_onboarding_v1
U004087,smart_onboarding,2026-05-27,smart_onboarding_v1
U004088,control,2026-06-30,smart_onboarding_v1
U004089,smart_onboarding,2026-03-12,smart_onboarding_v1
U004090,smart_onboarding,2026-02-11,smart_onboarding_v1
U004091,smart_onboarding,2026-01-26,smart_onboarding_v1
U004092,control,2026-06-10,smart_onboarding_v1
U004093,control,2026-05-02,smart_onboarding_v1
U004094,smart_onboarding,2026-01-08,smart_onboarding_v1
U004095,control,2026-04-19,smart_onboarding_v1
U004096,control,2026-03-01,smart_onboarding_v1
U004097,smart_onboarding,2026-04-19,smart_onboarding_v1
U004098,smart_onboarding,2026-05-09,smart_onboarding_v1
U004099,control,2026-05-20,smart_onboarding_v1
U004100,control,2026-01-01,smart_onboarding_v1
U004101,smart_onboarding,2026-01-02,smart_onboarding_v1
U004102,smart_onboarding,2026-01-03,smart_onboarding_v1
U004103,control,2026-05-12,smart_onboarding_v1
U004104,smart_onboarding,2026-01-01,smart_onboarding_v1
U004105,smart_onboarding,2026-03-09,smart_onboarding_v1
U004106,control,2026-01-28,smart_onboarding_v1
U004107,smart_onboarding,2026-05-04,smart_onboarding_v1
U004108,control,2026-06-11,smart_onboarding_v1
U004109,smart_onboarding,2026-04-25,smart_onboarding_v1
U004110,smart_onboarding,2026-01-11,smart_onboarding_v1
U004111,control,2026-06-27,smart_onboarding_v1
U004112,smart_onboarding,2026-02-09,smart_onboarding_v1
U004113,control,2026-01-15,smart_onboarding_v1
U004114,smart_onboarding,2026-03-08,smart_onboarding_v1
U004115,control,2026-03-31,smart_onboarding_v1
U004116,smart_onboarding,2026-02-06,smart_onboarding_v1
U004117,smart_onboarding,2026-01-30,smart_onboarding_v1
U004118,control,2026-06-04,smart_onboarding_v1
U004119,smart_onboarding,2026-03-19,smart_onboarding_v1
U004120,control,2026-05-01,smart_onboarding_v1
U004121,control,2026-03-12,smart_onboarding_v1
U004122,smart_onboarding,2026-05-16,smart_onboarding_v1
U004123,smart_onboarding,2026-01-03,smart_onboarding_v1
U004124,smart_onboarding,2026-01-13,smart_onboarding_v1
U004125,smart_onboarding,2026-06-11,smart_onboarding_v1
U004126,control,2026-01-23,smart_onboarding_v1
U004127,smart_onboarding,2026-06-02,smart_onboarding_v1
U004128,smart_onboarding,2026-01-19,smart_onboarding_v1
U004129,smart_onboarding,2026-04-20,smart_onboarding_v1
U004130,control,2026-03-29,smart_onboarding_v1
U004131,smart_onboarding,2026-01-12,smart_onboarding_v1
U004132,control,2026-04-24,smart_onboarding_v1
U004133,smart_onboarding,2026-05-23,smart_onboarding_v1
U004134,smart_onboarding,2026-01-06,smart_onboarding_v1
U004135,smart_onboarding,2026-03-04,smart_onboarding_v1
U004136,smart_onboarding,2026-04-25,smart_onboarding_v1
U004137,control,2026-04-12,smart_onboarding_v1
U004138,control,2026-05-17,smart_onboarding_v1
U004139,smart_onboarding,2026-04-11,smart_onboarding_v1
U004140,control,2026-06-18,smart_onboarding_v1
U004141,smart_onboarding,2026-04-14,smart_onboarding_v1
U004142,smart_onboarding,2026-02-23,smart_onboarding_v1
U004143,control,2026-01-27,smart_onboarding_v1
U004144,control,2026-01-24,smart_onboarding_v1
U004145,smart_onboarding,2026-02-19,smart_onboarding_v1
U004146,smart_onboarding,2026-02-07,smart_onboarding_v1
U004147,smart_onboarding,2026-02-10,smart_onboarding_v1
U004148,smart_onboarding,2026-05-15,smart_onboarding_v1
U004149,control,2026-06-10,smart_onboarding_v1
U004150,control,2026-06-07,smart_onboarding_v1
U004151,smart_onboarding,2026-05-07,smart_onboarding_v1
U004152,smart_onboarding,2026-06-29,smart_onboarding_v1
U004153,smart_onboarding,2026-02-24,smart_onboarding_v1
U004154,smart_onboarding,2026-05-21,smart_onboarding_v1
U004155,smart_onboarding,2026-02-14,smart_onboarding_v1
U004156,smart_onboarding,2026-06-01,smart_onboarding_v1
U004157,smart_onboarding,2026-04-12,smart_onboarding_v1
U004158,control,2026-05-25,smart_onboarding_v1
U004159,smart_onboarding,2026-04-16,smart_onboarding_v1
U004160,control,2026-03-19,smart_onboarding_v1
U004161,smart_onboarding,2026-02-04,smart_onboarding_v1
U004162,control,2026-04-17,smart_onboarding_v1
U004163,smart_onboarding,2026-03-01,smart_onboarding_v1
U004164,smart_onboarding,2026-03-14,smart_onboarding_v1
U004165,smart_onboarding,2026-02-12,smart_onboarding_v1
U004166,smart_onboarding,2026-04-09,smart_onboarding_v1
U004167,smart_onboarding,2026-01-22,smart_onboarding_v1
U004168,smart_onboarding,2026-02-22,smart_onboarding_v1
U004169,control,2026-03-19,smart_onboarding_v1
U004170,smart_onboarding,2026-05-21,smart_onboarding_v1
U004171,control,2026-05-03,smart_onboarding_v1
U004172,smart_onboarding,2026-01-29,smart_onboarding_v1
U004173,smart_onboarding,2026-04-16,smart_onboarding_v1
U004174,control,2026-02-26,smart_onboarding_v1
U004175,control,2026-04-19,smart_onboarding_v1
U004176,smart_onboarding,2026-02-28,smart_onboarding_v1
U004177,control,2026-04-04,smart_onboarding_v1
U004178,control,2026-01-29,smart_onboarding_v1
U004179,smart_onboarding,2026-03-28,smart_onboarding_v1
U004180,control,2026-02-11,smart_onboarding_v1
U004181,control,2026-01-28,smart_onboarding_v1
U004182,control,2026-01-03,smart_onboarding_v1
U004183,smart_onboarding,2026-01-14,smart_onboarding_v1
U004184,control,2026-01-19,smart_onboarding_v1
U004185,smart_onboarding,2026-04-24,smart_onboarding_v1
U004186,control,2026-05-04,smart_onboarding_v1
U004187,control,2026-02-15,smart_onboarding_v1
U004188,control,2026-03-19,smart_onboarding_v1
U004189,smart_onboarding,2026-01-22,smart_onboarding_v1
U004190,smart_onboarding,2026-01-12,smart_onboarding_v1
U004191,smart_onboarding,2026-06-18,smart_onboarding_v1
U004192,smart_onboarding,2026-05-07,smart_onboarding_v1
U004193,smart_onboarding,2026-03-04,smart_onboarding_v1
U004194,smart_onboarding,2026-06-02,smart_onboarding_v1
U004195,control,2026-03-05,smart_onboarding_v1
U004196,smart_onboarding,2026-05-30,smart_onboarding_v1
U004197,control,2026-01-18,smart_onboarding_v1
U004198,control,2026-04-22,smart_onboarding_v1
U004199,smart_onboarding,2026-01-15,smart_onboarding_v1
U004200,smart_onboarding,2026-05-16,smart_onboarding_v1
U004201,control,2026-05-07,smart_onboarding_v1
U004202,control,2026-04-22,smart_onboarding_v1
U004203,smart_onboarding,2026-06-18,smart_onboarding_v1
U004204,smart_onboarding,2026-06-03,smart_onboarding_v1
U004205,smart_onboarding,2026-04-21,smart_onboarding_v1
U004206,smart_onboarding,2026-05-11,smart_onboarding_v1
U004207,control,2026-06-02,smart_onboarding_v1
U004208,smart_onboarding,2026-04-04,smart_onboarding_v1
U004209,smart_onboarding,2026-06-29,smart_onboarding_v1
U004210,smart_onboarding,2026-04-30,smart_onboarding_v1
U004211,control,2026-02-21,smart_onboarding_v1
U004212,control,2026-03-30,smart_onboarding_v1
U004213,smart_onboarding,2026-06-15,smart_onboarding_v1
U004214,control,2026-04-10,smart_onboarding_v1
U004215,smart_onboarding,2026-01-03,smart_onboarding_v1
U004216,smart_onboarding,2026-03-09,smart_onboarding_v1
U004217,smart_onboarding,2026-04-26,smart_onboarding_v1
U004218,control,2026-06-12,smart_onboarding_v1
U004219,control,2026-06-20,smart_onboarding_v1
U004220,smart_onboarding,2026-02-26,smart_onboarding_v1
U004221,smart_onboarding,2026-04-16,smart_onboarding_v1
U004222,smart_onboarding,2026-01-19,smart_onboarding_v1
U004223,control,2026-01-19,smart_onboarding_v1
U004224,control,2026-03-09,smart_onboarding_v1
U004225,control,2026-03-11,smart_onboarding_v1
U004226,control,2026-02-12,smart_onboarding_v1
U004227,smart_onboarding,2026-02-10,smart_onboarding_v1
U004228,smart_onboarding,2026-04-18,smart_onboarding_v1
U004229,smart_onboarding,2026-03-20,smart_onboarding_v1
U004230,control,2026-04-06,smart_onboarding_v1
U004231,smart_onboarding,2026-03-22,smart_onboarding_v1
U004232,smart_onboarding,2026-03-19,smart_onboarding_v1
U004233,control,2026-01-06,smart_onboarding_v1
U004234,smart_onboarding,2026-01-04,smart_onboarding_v1
U004235,smart_onboarding,2026-01-13,smart_onboarding_v1
U004236,smart_onboarding,2026-03-05,smart_onboarding_v1
U004237,control,2026-03-01,smart_onboarding_v1
U004238,control,2026-04-15,smart_onboarding_v1
U004239,control,2026-06-18,smart_onboarding_v1
U004240,control,2026-05-11,smart_onboarding_v1
U004241,smart_onboarding,2026-03-16,smart_onboarding_v1
U004242,smart_onboarding,2026-02-16,smart_onboarding_v1
U004243,smart_onboarding,2026-02-06,smart_onboarding_v1
U004244,control,2026-04-10,smart_onboarding_v1
U004245,smart_onboarding,2026-03-14,smart_onboarding_v1
U004246,smart_onboarding,2026-02-20,smart_onboarding_v1
U004247,smart_onboarding,2026-06-17,smart_onboarding_v1
U004248,smart_onboarding,2026-04-14,smart_onboarding_v1
U004249,smart_onboarding,2026-04-11,smart_onboarding_v1
U004250,smart_onboarding,2026-01-27,smart_onboarding_v1
U004251,smart_onboarding,2026-05-12,smart_onboarding_v1
U004252,control,2026-01-29,smart_onboarding_v1
U004253,smart_onboarding,2026-01-15,smart_onboarding_v1
U004254,smart_onboarding,2026-04-10,smart_onboarding_v1
U004255,control,2026-06-24,smart_onboarding_v1
U004256,smart_onboarding,2026-01-12,smart_onboarding_v1
U004257,control,2026-06-26,smart_onboarding_v1
U004258,control,2026-03-06,smart_onboarding_v1
U004259,control,2026-04-04,smart_onboarding_v1
U004260,control,2026-02-14,smart_onboarding_v1
U004261,smart_onboarding,2026-06-07,smart_onboarding_v1
U004262,smart_onboarding,2026-02-07,smart_onboarding_v1
U004263,control,2026-02-18,smart_onboarding_v1
U004264,smart_onboarding,2026-03-09,smart_onboarding_v1
U004265,smart_onboarding,2026-01-14,smart_onboarding_v1
U004266,control,2026-04-14,smart_onboarding_v1
U004267,smart_onboarding,2026-01-20,smart_onboarding_v1
U004268,smart_onboarding,2026-03-26,smart_onboarding_v1
U004269,control,2026-03-25,smart_onboarding_v1
U004270,control,2026-05-31,smart_onboarding_v1
U004271,control,2026-04-09,smart_onboarding_v1
U004272,control,2026-01-22,smart_onboarding_v1
U004273,smart_onboarding,2026-02-22,smart_onboarding_v1
U004274,smart_onboarding,2026-02-11,smart_onboarding_v1
U004275,control,2026-02-11,smart_onboarding_v1
U004276,smart_onboarding,2026-01-22,smart_onboarding_v1
U004277,control,2026-05-29,smart_onboarding_v1
U004278,control,2026-01-07,smart_onboarding_v1
U004279,smart_onboarding,2026-05-09,smart_onboarding_v1
U004280,control,2026-06-16,smart_onboarding_v1
U004281,control,2026-06-25,smart_onboarding_v1
U004282,smart_onboarding,2026-04-30,smart_onboarding_v1
U004283,smart_onboarding,2026-01-25,smart_onboarding_v1
U004284,smart_onboarding,2026-04-12,smart_onboarding_v1
U004285,smart_onboarding,2026-04-25,smart_onboarding_v1
U004286,control,2026-05-22,smart_onboarding_v1
U004287,smart_onboarding,2026-04-28,smart_onboarding_v1
U004288,smart_onboarding,2026-01-16,smart_onboarding_v1
U004289,smart_onboarding,2026-04-20,smart_onboarding_v1
U004290,smart_onboarding,2026-04-17,smart_onboarding_v1
U004291,control,2026-01-13,smart_onboarding_v1
U004292,smart_onboarding,2026-06-11,smart_onboarding_v1
U004293,control,2026-04-20,smart_onboarding_v1
U004294,smart_onboarding,2026-01-05,smart_onboarding_v1
U004295,control,2026-03-15,smart_onboarding_v1
U004296,smart_onboarding,2026-03-18,smart_onboarding_v1
U004297,smart_onboarding,2026-05-07,smart_onboarding_v1
U004298,smart_onboarding,2026-02-23,smart_onboarding_v1
U004299,smart_onboarding,2026-04-10,smart_onboarding_v1
U004300,control,2026-03-02,smart_onboarding_v1
U004301,smart_onboarding,2026-02-18,smart_onboarding_v1
U004302,smart_onboarding,2026-03-08,smart_onboarding_v1
U004303,control,2026-06-14,smart_onboarding_v1
U004304,control,2026-02-25,smart_onboarding_v1
U004305,control,2026-04-12,smart_onboarding_v1
U004306,control,2026-04-20,smart_onboarding_v1
U004307,control,2026-03-29,smart_onboarding_v1
U004308,smart_onboarding,2026-06-25,smart_onboarding_v1
U004309,smart_onboarding,2026-01-30,smart_onboarding_v1
U004310,smart_onboarding,2026-04-06,smart_onboarding_v1
U004311,smart_onboarding,2026-06-17,smart_onboarding_v1
U004312,smart_onboarding,2026-03-29,smart_onboarding_v1
U004313,smart_onboarding,2026-06-25,smart_onboarding_v1
U004314,smart_onboarding,2026-02-21,smart_onboarding_v1
U004315,smart_onboarding,2026-04-29,smart_onboarding_v1
U004316,smart_onboarding,2026-06-14,smart_onboarding_v1
U004317,smart_onboarding,2026-05-15,smart_onboarding_v1
U004318,smart_onboarding,2026-03-06,smart_onboarding_v1
U004319,control,2026-03-24,smart_onboarding_v1
U004320,control,2026-01-30,smart_onboarding_v1
U004321,smart_onboarding,2026-04-10,smart_onboarding_v1
U004322,smart_onboarding,2026-06-30,smart_onboarding_v1
U004323,control,2026-03-13,smart_onboarding_v1
U004324,smart_onboarding,2026-05-26,smart_onboarding_v1
U004325,control,2026-02-06,smart_onboarding_v1
U004326,control,2026-02-18,smart_onboarding_v1
U004327,smart_onboarding,2026-01-10,smart_onboarding_v1
U004328,control,2026-05-11,smart_onboarding_v1
U004329,control,2026-02-11,smart_onboarding_v1
U004330,control,2026-01-02,smart_onboarding_v1
U004331,smart_onboarding,2026-01-20,smart_onboarding_v1
U004332,smart_onboarding,2026-04-27,smart_onboarding_v1
U004333,control,2026-01-26,smart_onboarding_v1
U004334,smart_onboarding,2026-02-25,smart_onboarding_v1
U004335,control,2026-02-12,smart_onboarding_v1
U004336,control,2026-01-28,smart_onboarding_v1
U004337,smart_onboarding,2026-04-26,smart_onboarding_v1
U004338,control,2026-05-03,smart_onboarding_v1
U004339,smart_onboarding,2026-06-14,smart_onboarding_v1
U004340,control,2026-01-10,smart_onboarding_v1
U004341,smart_onboarding,2026-03-24,smart_onboarding_v1
U004342,smart_onboarding,2026-06-26,smart_onboarding_v1
U004343,smart_onboarding,2026-05-16,smart_onboarding_v1
U004344,control,2026-01-21,smart_onboarding_v1
U004345,control,2026-05-24,smart_onboarding_v1
U004346,control,2026-06-10,smart_onboarding_v1
U004347,control,2026-06-24,smart_onboarding_v1
U004348,smart_onboarding,2026-03-03,smart_onboarding_v1
U004349,control,2026-06-10,smart_onboarding_v1
U004350,smart_onboarding,2026-02-23,smart_onboarding_v1
U004351,control,2026-05-27,smart_onboarding_v1
U004352,control,2026-02-14,smart_onboarding_v1
U004353,control,2026-06-03,smart_onboarding_v1
U004354,control,2026-06-23,smart_onboarding_v1
U004355,control,2026-05-15,smart_onboarding_v1
U004356,control,2026-03-29,smart_onboarding_v1
U004357,control,2026-04-01,smart_onboarding_v1
U004358,control,2026-01-10,smart_onboarding_v1
U004359,control,2026-01-19,smart_onboarding_v1
U004360,control,2026-03-23,smart_onboarding_v1
U004361,control,2026-06-20,smart_onboarding_v1
U004362,control,2026-06-05,smart_onboarding_v1
U004363,control,2026-05-04,smart_onboarding_v1
U004364,smart_onboarding,2026-02-19,smart_onboarding_v1
U004365,smart_onboarding,2026-03-13,smart_onboarding_v1
U004366,control,2026-02-04,smart_onboarding_v1
U004367,control,2026-04-26,smart_onboarding_v1
U004368,control,2026-02-17,smart_onboarding_v1
U004369,control,2026-03-16,smart_onboarding_v1
U004370,smart_onboarding,2026-01-27,smart_onboarding_v1
U004371,smart_onboarding,2026-01-01,smart_onboarding_v1
U004372,smart_onboarding,2026-02-02,smart_onboarding_v1
U004373,smart_onboarding,2026-01-08,smart_onboarding_v1
U004374,control,2026-03-09,smart_onboarding_v1
U004375,smart_onboarding,2026-05-11,smart_onboarding_v1
U004376,control,2026-02-07,smart_onboarding_v1
U004377,smart_onboarding,2026-06-15,smart_onboarding_v1
U004378,smart_onboarding,2026-01-20,smart_onboarding_v1
U004379,control,2026-06-18,smart_onboarding_v1
U004380,control,2026-01-22,smart_onboarding_v1
U004381,control,2026-02-03,smart_onboarding_v1
U004382,smart_onboarding,2026-03-20,smart_onboarding_v1
U004383,control,2026-02-12,smart_onboarding_v1
U004384,control,2026-06-18,smart_onboarding_v1
U004385,control,2026-04-05,smart_onboarding_v1
U004386,smart_onboarding,2026-01-18,smart_onboarding_v1
U004387,control,2026-01-16,smart_onboarding_v1
U004388,smart_onboarding,2026-05-07,smart_onboarding_v1
U004389,smart_onboarding,2026-06-12,smart_onboarding_v1
U004390,control,2026-03-07,smart_onboarding_v1
U004391,smart_onboarding,2026-04-23,smart_onboarding_v1
U004392,smart_onboarding,2026-01-19,smart_onboarding_v1
U004393,control,2026-04-03,smart_onboarding_v1
U004394,smart_onboarding,2026-04-18,smart_onboarding_v1
U004395,smart_onboarding,2026-06-03,smart_onboarding_v1
U004396,control,2026-02-05,smart_onboarding_v1
U004397,smart_onboarding,2026-05-30,smart_onboarding_v1
U004398,smart_onboarding,2026-03-26,smart_onboarding_v1
U004399,smart_onboarding,2026-04-18,smart_onboarding_v1
U004400,smart_onboarding,2026-01-19,smart_onboarding_v1
U004401,smart_onboarding,2026-06-02,smart_onboarding_v1
U004402,smart_onboarding,2026-05-16,smart_onboarding_v1
U004403,smart_onboarding,2026-06-13,smart_onboarding_v1
U004404,smart_onboarding,2026-04-02,smart_onboarding_v1
U004405,control,2026-02-20,smart_onboarding_v1
U004406,control,2026-06-26,smart_onboarding_v1
U004407,control,2026-01-31,smart_onboarding_v1
U004408,control,2026-06-12,smart_onboarding_v1
U004409,smart_onboarding,2026-01-08,smart_onboarding_v1
U004410,control,2026-05-15,smart_onboarding_v1
U004411,control,2026-03-12,smart_onboarding_v1
U004412,control,2026-06-17,smart_onboarding_v1
U004413,control,2026-01-29,smart_onboarding_v1
U004414,smart_onboarding,2026-03-01,smart_onboarding_v1
U004415,control,2026-05-14,smart_onboarding_v1
U004416,smart_onboarding,2026-02-27,smart_onboarding_v1
U004417,control,2026-05-07,smart_onboarding_v1
U004418,control,2026-06-27,smart_onboarding_v1
U004419,smart_onboarding,2026-05-13,smart_onboarding_v1
U004420,control,2026-03-28,smart_onboarding_v1
U004421,control,2026-06-08,smart_onboarding_v1
U004422,smart_onboarding,2026-02-26,smart_onboarding_v1
U004423,control,2026-03-19,smart_onboarding_v1
U004424,smart_onboarding,2026-04-30,smart_onboarding_v1
U004425,smart_onboarding,2026-05-31,smart_onboarding_v1
U004426,smart_onboarding,2026-04-09,smart_onboarding_v1
U004427,control,2026-04-21,smart_onboarding_v1
U004428,control,2026-03-18,smart_onboarding_v1
U004429,control,2026-02-27,smart_onboarding_v1
U004430,control,2026-04-08,smart_onboarding_v1
U004431,control,2026-05-24,smart_onboarding_v1
U004432,control,2026-03-02,smart_onboarding_v1
U004433,smart_onboarding,2026-04-13,smart_onboarding_v1
U004434,smart_onboarding,2026-05-04,smart_onboarding_v1
U004435,smart_onboarding,2026-01-17,smart_onboarding_v1
U004436,control,2026-02-18,smart_onboarding_v1
U004437,control,2026-05-30,smart_onboarding_v1
U004438,control,2026-03-21,smart_onboarding_v1
U004439,smart_onboarding,2026-03-10,smart_onboarding_v1
U004440,control,2026-06-10,smart_onboarding_v1
U004441,control,2026-01-26,smart_onboarding_v1
U004442,smart_onboarding,2026-01-12,smart_onboarding_v1
U004443,smart_onboarding,2026-06-23,smart_onboarding_v1
U004444,control,2026-03-03,smart_onboarding_v1
U004445,smart_onboarding,2026-06-04,smart_onboarding_v1
U004446,control,2026-04-09,smart_onboarding_v1
U004447,smart_onboarding,2026-04-20,smart_onboarding_v1
U004448,smart_onboarding,2026-05-23,smart_onboarding_v1
U004449,smart_onboarding,2026-03-15,smart_onboarding_v1
U004450,smart_onboarding,2026-03-18,smart_onboarding_v1
U004451,smart_onboarding,2026-04-29,smart_onboarding_v1
U004452,control,2026-06-12,smart_onboarding_v1
U004453,smart_onboarding,2026-05-31,smart_onboarding_v1
U004454,smart_onboarding,2026-03-28,smart_onboarding_v1
U004455,control,2026-04-24,smart_onboarding_v1
U004456,control,2026-05-21,smart_onboarding_v1
U004457,smart_onboarding,2026-05-09,smart_onboarding_v1
U004458,smart_onboarding,2026-03-22,smart_onboarding_v1
U004459,smart_onboarding,2026-05-21,smart_onboarding_v1
U004460,control,2026-01-06,smart_onboarding_v1
U004461,control,2026-05-25,smart_onboarding_v1
U004462,smart_onboarding,2026-01-13,smart_onboarding_v1
U004463,smart_onboarding,2026-05-04,smart_onboarding_v1
U004464,smart_onboarding,2026-06-15,smart_onboarding_v1
U004465,smart_onboarding,2026-05-05,smart_onboarding_v1
U004466,smart_onboarding,2026-05-03,smart_onboarding_v1
U004467,smart_onboarding,2026-06-23,smart_onboarding_v1
U004468,smart_onboarding,2026-06-04,smart_onboarding_v1
U004469,smart_onboarding,2026-03-09,smart_onboarding_v1
U004470,control,2026-03-09,smart_onboarding_v1
U004471,smart_onboarding,2026-05-04,smart_onboarding_v1
U004472,control,2026-04-27,smart_onboarding_v1
U004473,control,2026-01-10,smart_onboarding_v1
U004474,control,2026-06-24,smart_onboarding_v1
U004475,smart_onboarding,2026-05-31,smart_onboarding_v1
U004476,control,2026-03-27,smart_onboarding_v1
U004477,smart_onboarding,2026-03-09,smart_onboarding_v1
U004478,control,2026-03-16,smart_onboarding_v1
U004479,control,2026-05-15,smart_onboarding_v1
U004480,control,2026-05-02,smart_onboarding_v1
U004481,smart_onboarding,2026-04-18,smart_onboarding_v1
U004482,control,2026-04-15,smart_onboarding_v1
U004483,smart_onboarding,2026-04-15,smart_onboarding_v1
U004484,control,2026-06-16,smart_onboarding_v1
U004485,control,2026-06-23,smart_onboarding_v1
U004486,control,2026-01-19,smart_onboarding_v1
U004487,control,2026-03-21,smart_onboarding_v1
U004488,smart_onboarding,2026-02-18,smart_onboarding_v1
U004489,smart_onboarding,2026-02-10,smart_onboarding_v1
U004490,control,2026-05-28,smart_onboarding_v1
U004491,smart_onboarding,2026-04-29,smart_onboarding_v1
U004492,control,2026-05-23,smart_onboarding_v1
U004493,control,2026-05-27,smart_onboarding_v1
U004494,control,2026-01-28,smart_onboarding_v1
U004495,control,2026-03-15,smart_onboarding_v1
U004496,smart_onboarding,2026-05-25,smart_onboarding_v1
U004497,smart_onboarding,2026-05-22,smart_onboarding_v1
U004498,control,2026-03-30,smart_onboarding_v1
U004499,smart_onboarding,2026-01-06,smart_onboarding_v1
U004500,control,2026-02-26,smart_onboarding_v1
U004501,control,2026-01-17,smart_onboarding_v1
U004502,smart_onboarding,2026-06-18,smart_onboarding_v1
U004503,smart_onboarding,2026-06-16,smart_onboarding_v1
U004504,control,2026-04-06,smart_onboarding_v1
U004505,control,2026-04-23,smart_onboarding_v1
U004506,control,2026-02-07,smart_onboarding_v1
U004507,control,2026-01-08,smart_onboarding_v1
U004508,smart_onboarding,2026-02-23,smart_onboarding_v1
U004509,smart_onboarding,2026-02-17,smart_onboarding_v1
U004510,smart_onboarding,2026-04-30,smart_onboarding_v1
U004511,smart_onboarding,2026-03-16,smart_onboarding_v1
U004512,smart_onboarding,2026-02-28,smart_onboarding_v1
U004513,smart_onboarding,2026-04-23,smart_onboarding_v1
U004514,control,2026-05-02,smart_onboarding_v1
U004515,smart_onboarding,2026-05-22,smart_onboarding_v1
U004516,control,2026-03-16,smart_onboarding_v1
U004517,control,2026-03-01,smart_onboarding_v1
U004518,smart_onboarding,2026-03-09,smart_onboarding_v1
U004519,smart_onboarding,2026-05-21,smart_onboarding_v1
U004520,control,2026-05-16,smart_onboarding_v1
U004521,smart_onboarding,2026-01-11,smart_onboarding_v1
U004522,smart_onboarding,2026-05-14,smart_onboarding_v1
U004523,smart_onboarding,2026-05-05,smart_onboarding_v1
U004524,control,2026-02-12,smart_onboarding_v1
U004525,control,2026-06-16,smart_onboarding_v1
U004526,control,2026-02-25,smart_onboarding_v1
U004527,control,2026-04-02,smart_onboarding_v1
U004528,smart_onboarding,2026-02-14,smart_onboarding_v1
U004529,control,2026-05-01,smart_onboarding_v1
U004530,smart_onboarding,2026-05-15,smart_onboarding_v1
U004531,smart_onboarding,2026-05-23,smart_onboarding_v1
U004532,control,2026-04-16,smart_onboarding_v1
U004533,control,2026-03-23,smart_onboarding_v1
U004534,control,2026-06-18,smart_onboarding_v1
U004535,smart_onboarding,2026-05-26,smart_onboarding_v1
U004536,smart_onboarding,2026-06-17,smart_onboarding_v1
U004537,smart_onboarding,2026-05-20,smart_onboarding_v1
U004538,control,2026-06-04,smart_onboarding_v1
U004539,control,2026-01-04,smart_onboarding_v1
U004540,control,2026-02-10,smart_onboarding_v1
U004541,control,2026-04-29,smart_onboarding_v1
U004542,smart_onboarding,2026-01-16,smart_onboarding_v1
U004543,smart_onboarding,2026-02-27,smart_onboarding_v1
U004544,smart_onboarding,2026-03-19,smart_onboarding_v1
U004545,smart_onboarding,2026-04-02,smart_onboarding_v1
U004546,smart_onboarding,2026-03-25,smart_onboarding_v1
U004547,smart_onboarding,2026-03-25,smart_onboarding_v1
U004548,smart_onboarding,2026-04-30,smart_onboarding_v1
U004549,smart_onboarding,2026-01-24,smart_onboarding_v1
U004550,smart_onboarding,2026-02-15,smart_onboarding_v1
U004551,control,2026-06-13,smart_onboarding_v1
U004552,smart_onboarding,2026-06-10,smart_onboarding_v1
U004553,control,2026-02-03,smart_onboarding_v1
U004554,control,2026-05-28,smart_onboarding_v1
U004555,smart_onboarding,2026-05-21,smart_onboarding_v1
U004556,smart_onboarding,2026-05-30,smart_onboarding_v1
U004557,control,2026-05-11,smart_onboarding_v1
U004558,smart_onboarding,2026-03-26,smart_onboarding_v1
U004559,smart_onboarding,2026-05-15,smart_onboarding_v1
U004560,control,2026-05-13,smart_onboarding_v1
U004561,smart_onboarding,2026-01-05,smart_onboarding_v1
U004562,control,2026-04-26,smart_onboarding_v1
U004563,control,2026-04-24,smart_onboarding_v1
U004564,control,2026-05-28,smart_onboarding_v1
U004565,control,2026-02-26,smart_onboarding_v1
U004566,control,2026-04-21,smart_onboarding_v1
U004567,control,2026-06-01,smart_onboarding_v1
U004568,smart_onboarding,2026-03-03,smart_onboarding_v1
U004569,control,2026-02-18,smart_onboarding_v1
U004570,control,2026-01-08,smart_onboarding_v1
U004571,control,2026-03-27,smart_onboarding_v1
U004572,control,2026-06-09,smart_onboarding_v1
U004573,smart_onboarding,2026-02-18,smart_onboarding_v1
U004574,control,2026-01-12,smart_onboarding_v1
U004575,smart_onboarding,2026-06-10,smart_onboarding_v1
U004576,control,2026-01-22,smart_onboarding_v1
U004577,smart_onboarding,2026-03-13,smart_onboarding_v1
U004578,smart_onboarding,2026-02-27,smart_onboarding_v1
U004579,control,2026-05-25,smart_onboarding_v1
U004580,control,2026-06-04,smart_onboarding_v1
U004581,smart_onboarding,2026-03-16,smart_onboarding_v1
U004582,smart_onboarding,2026-06-01,smart_onboarding_v1
U004583,smart_onboarding,2026-05-09,smart_onboarding_v1
U004584,control,2026-06-16,smart_onboarding_v1
U004585,smart_onboarding,2026-03-16,smart_onboarding_v1
U004586,control,2026-02-09,smart_onboarding_v1
U004587,smart_onboarding,2026-06-19,smart_onboarding_v1
U004588,smart_onboarding,2026-01-04,smart_onboarding_v1
U004589,smart_onboarding,2026-01-29,smart_onboarding_v1
U004590,control,2026-02-26,smart_onboarding_v1
U004591,control,2026-01-10,smart_onboarding_v1
U004592,smart_onboarding,2026-06-12,smart_onboarding_v1
U004593,control,2026-06-18,smart_onboarding_v1
U004594,control,2026-02-08,smart_onboarding_v1
U004595,control,2026-01-02,smart_onboarding_v1
U004596,smart_onboarding,2026-04-03,smart_onboarding_v1
U004597,smart_onboarding,2026-03-20,smart_onboarding_v1
U004598,control,2026-03-27,smart_onboarding_v1
U004599,control,2026-06-09,smart_onboarding_v1
U004600,control,2026-01-13,smart_onboarding_v1
U004601,control,2026-04-11,smart_onboarding_v1
U004602,control,2026-05-24,smart_onboarding_v1
U004603,control,2026-04-26,smart_onboarding_v1
U004604,smart_onboarding,2026-04-25,smart_onboarding_v1
U004605,control,2026-06-24,smart_onboarding_v1
U004606,smart_onboarding,2026-06-28,smart_onboarding_v1
U004607,smart_onboarding,2026-01-10,smart_onboarding_v1
U004608,smart_onboarding,2026-04-22,smart_onboarding_v1
U004609,control,2026-02-06,smart_onboarding_v1
U004610,control,2026-05-18,smart_onboarding_v1
U004611,smart_onboarding,2026-06-05,smart_onboarding_v1
U004612,control,2026-01-15,smart_onboarding_v1
U004613,smart_onboarding,2026-01-20,smart_onboarding_v1
U004614,control,2026-05-21,smart_onboarding_v1
U004615,control,2026-04-02,smart_onboarding_v1
U004616,smart_onboarding,2026-04-03,smart_onboarding_v1
U004617,control,2026-05-11,smart_onboarding_v1
U004618,control,2026-02-27,smart_onboarding_v1
U004619,control,2026-05-31,smart_onboarding_v1
U004620,control,2026-03-26,smart_onboarding_v1
U004621,smart_onboarding,2026-01-14,smart_onboarding_v1
U004622,smart_onboarding,2026-02-02,smart_onboarding_v1
U004623,control,2026-02-07,smart_onboarding_v1
U004624,control,2026-01-23,smart_onboarding_v1
U004625,control,2026-05-27,smart_onboarding_v1
U004626,control,2026-04-21,smart_onboarding_v1
U004627,smart_onboarding,2026-06-03,smart_onboarding_v1
U004628,control,2026-03-20,smart_onboarding_v1
U004629,control,2026-02-01,smart_onboarding_v1
U004630,control,2026-05-25,smart_onboarding_v1
U004631,control,2026-06-18,smart_onboarding_v1
U004632,control,2026-01-31,smart_onboarding_v1
U004633,control,2026-03-21,smart_onboarding_v1
U004634,control,2026-04-30,smart_onboarding_v1
U004635,control,2026-02-19,smart_onboarding_v1
U004636,smart_onboarding,2026-01-23,smart_onboarding_v1
U004637,smart_onboarding,2026-04-22,smart_onboarding_v1
U004638,control,2026-03-06,smart_onboarding_v1
U004639,smart_onboarding,2026-01-10,smart_onboarding_v1
U004640,smart_onboarding,2026-05-17,smart_onboarding_v1
U004641,smart_onboarding,2026-01-07,smart_onboarding_v1
U004642,control,2026-02-10,smart_onboarding_v1
U004643,smart_onboarding,2026-02-18,smart_onboarding_v1
U004644,smart_onboarding,2026-06-09,smart_onboarding_v1
U004645,smart_onboarding,2026-01-09,smart_onboarding_v1
U004646,smart_onboarding,2026-02-14,smart_onboarding_v1
U004647,smart_onboarding,2026-03-09,smart_onboarding_v1
U004648,control,2026-01-22,smart_onboarding_v1
U004649,control,2026-06-08,smart_onboarding_v1
U004650,smart_onboarding,2026-06-11,smart_onboarding_v1
U004651,control,2026-04-16,smart_onboarding_v1
U004652,smart_onboarding,2026-04-18,smart_onboarding_v1
U004653,smart_onboarding,2026-06-15,smart_onboarding_v1
U004654,smart_onboarding,2026-05-29,smart_onboarding_v1
U004655,smart_onboarding,2026-01-16,smart_onboarding_v1
U004656,smart_onboarding,2026-01-17,smart_onboarding_v1
U004657,control,2026-02-27,smart_onboarding_v1
U004658,smart_onboarding,2026-02-05,smart_onboarding_v1
U004659,smart_onboarding,2026-04-07,smart_onboarding_v1
U004660,control,2026-05-31,smart_onboarding_v1
U004661,control,2026-07-01,smart_onboarding_v1
U004662,smart_onboarding,2026-06-11,smart_onboarding_v1
U004663,control,2026-05-11,smart_onboarding_v1
U004664,control,2026-04-24,smart_onboarding_v1
U004665,smart_onboarding,2026-01-12,smart_onboarding_v1
U004666,control,2026-01-11,smart_onboarding_v1
U004667,control,2026-04-10,smart_onboarding_v1
U004668,smart_onboarding,2026-06-20,smart_onboarding_v1
U004669,control,2026-03-23,smart_onboarding_v1
U004670,smart_onboarding,2026-04-25,smart_onboarding_v1
U004671,control,2026-03-12,smart_onboarding_v1
U004672,smart_onboarding,2026-01-09,smart_onboarding_v1
U004673,smart_onboarding,2026-03-10,smart_onboarding_v1
U004674,smart_onboarding,2026-02-06,smart_onboarding_v1
U004675,control,2026-04-07,smart_onboarding_v1
U004676,control,2026-06-09,smart_onboarding_v1
U004677,smart_onboarding,2026-03-02,smart_onboarding_v1
U004678,control,2026-03-03,smart_onboarding_v1
U004679,control,2026-05-24,smart_onboarding_v1
U004680,smart_onboarding,2026-05-11,smart_onboarding_v1
U004681,control,2026-04-28,smart_onboarding_v1
U004682,control,2026-03-24,smart_onboarding_v1
U004683,smart_onboarding,2026-06-05,smart_onboarding_v1
U004684,control,2026-05-06,smart_onboarding_v1
U004685,smart_onboarding,2026-03-01,smart_onboarding_v1
U004686,smart_onboarding,2026-04-07,smart_onboarding_v1
U004687,smart_onboarding,2026-06-15,smart_onboarding_v1
U004688,control,2026-04-01,smart_onboarding_v1
U004689,smart_onboarding,2026-02-15,smart_onboarding_v1
U004690,smart_onboarding,2026-03-12,smart_onboarding_v1
U004691,control,2026-02-23,smart_onboarding_v1
U004692,control,2026-03-02,smart_onboarding_v1
U004693,smart_onboarding,2026-05-27,smart_onboarding_v1
U004694,smart_onboarding,2026-04-07,smart_onboarding_v1
U004695,smart_onboarding,2026-01-04,smart_onboarding_v1
U004696,control,2026-02-16,smart_onboarding_v1
U004697,smart_onboarding,2026-01-14,smart_onboarding_v1
U004698,smart_onboarding,2026-03-31,smart_onboarding_v1
U004699,control,2026-04-26,smart_onboarding_v1
U004700,smart_onboarding,2026-03-18,smart_onboarding_v1
U004701,control,2026-03-28,smart_onboarding_v1
U004702,control,2026-03-07,smart_onboarding_v1
U004703,smart_onboarding,2026-03-29,smart_onboarding_v1
U004704,smart_onboarding,2026-06-30,smart_onboarding_v1
U004705,control,2026-02-20,smart_onboarding_v1
U004706,control,2026-05-24,smart_onboarding_v1
U004707,control,2026-04-17,smart_onboarding_v1
U004708,smart_onboarding,2026-05-24,smart_onboarding_v1
U004709,smart_onboarding,2026-03-10,smart_onboarding_v1
U004710,smart_onboarding,2026-03-19,smart_onboarding_v1
U004711,smart_onboarding,2026-03-10,smart_onboarding_v1
U004712,smart_onboarding,2026-05-11,smart_onboarding_v1
U004713,smart_onboarding,2026-01-29,smart_onboarding_v1
U004714,control,2026-01-08,smart_onboarding_v1
U004715,control,2026-04-03,smart_onboarding_v1
U004716,smart_onboarding,2026-05-29,smart_onboarding_v1
U004717,control,2026-01-30,smart_onboarding_v1
U004718,control,2026-01-12,smart_onboarding_v1
U004719,control,2026-03-07,smart_onboarding_v1
U004720,smart_onboarding,2026-03-05,smart_onboarding_v1
U004721,smart_onboarding,2026-03-23,smart_onboarding_v1
U004722,smart_onboarding,2026-01-15,smart_onboarding_v1
U004723,smart_onboarding,2026-01-03,smart_onboarding_v1
U004724,control,2026-03-01,smart_onboarding_v1
U004725,smart_onboarding,2026-05-10,smart_onboarding_v1
U004726,smart_onboarding,2026-02-22,smart_onboarding_v1
U004727,smart_onboarding,2026-05-26,smart_onboarding_v1
U004728,control,2026-03-25,smart_onboarding_v1
U004729,smart_onboarding,2026-05-04,smart_onboarding_v1
U004730,smart_onboarding,2026-04-21,smart_onboarding_v1
U004731,control,2026-03-25,smart_onboarding_v1
U004732,smart_onboarding,2026-01-10,smart_onboarding_v1
U004733,control,2026-03-24,smart_onboarding_v1
U004734,smart_onboarding,2026-03-14,smart_onboarding_v1
U004735,smart_onboarding,2026-03-02,smart_onboarding_v1
U004736,control,2026-04-25,smart_onboarding_v1
U004737,control,2026-04-27,smart_onboarding_v1
U004738,smart_onboarding,2026-06-18,smart_onboarding_v1
U004739,smart_onboarding,2026-06-26,smart_onboarding_v1
U004740,smart_onboarding,2026-03-09,smart_onboarding_v1
U004741,smart_onboarding,2026-04-14,smart_onboarding_v1
U004742,control,2026-05-06,smart_onboarding_v1
U004743,smart_onboarding,2026-04-06,smart_onboarding_v1
U004744,smart_onboarding,2026-01-05,smart_onboarding_v1
U004745,control,2026-03-28,smart_onboarding_v1
U004746,control,2026-04-11,smart_onboarding_v1
U004747,control,2026-03-05,smart_onboarding_v1
U004748,smart_onboarding,2026-02-07,smart_onboarding_v1
U004749,control,2026-03-29,smart_onboarding_v1
U004750,control,2026-04-27,smart_onboarding_v1
U004751,smart_onboarding,2026-04-20,smart_onboarding_v1
U004752,smart_onboarding,2026-05-01,smart_onboarding_v1
U004753,control,2026-04-18,smart_onboarding_v1
U004754,control,2026-06-23,smart_onboarding_v1
U004755,smart_onboarding,2026-04-15,smart_onboarding_v1
U004756,smart_onboarding,2026-03-07,smart_onboarding_v1
U004757,smart_onboarding,2026-02-10,smart_onboarding_v1
U004758,smart_onboarding,2026-01-12,smart_onboarding_v1
U004759,smart_onboarding,2026-01-26,smart_onboarding_v1
U004760,control,2026-05-28,smart_onboarding_v1
U004761,control,2026-02-10,smart_onboarding_v1
U004762,control,2026-02-20,smart_onboarding_v1
U004763,control,2026-01-05,smart_onboarding_v1
U004764,control,2026-04-24,smart_onboarding_v1
U004765,smart_onboarding,2026-02-22,smart_onboarding_v1
U004766,smart_onboarding,2026-01-04,smart_onboarding_v1
U004767,smart_onboarding,2026-03-08,smart_onboarding_v1
U004768,control,2026-06-19,smart_onboarding_v1
U004769,control,2026-02-05,smart_onboarding_v1
U004770,smart_onboarding,2026-04-11,smart_onboarding_v1
U004771,smart_onboarding,2026-02-13,smart_onboarding_v1
U004772,control,2026-06-01,smart_onboarding_v1
U004773,smart_onboarding,2026-04-19,smart_onboarding_v1
U004774,control,2026-06-20,smart_onboarding_v1
U004775,control,2026-04-19,smart_onboarding_v1
U004776,control,2026-04-24,smart_onboarding_v1
U004777,control,2026-05-08,smart_onboarding_v1
U004778,smart_onboarding,2026-01-29,smart_onboarding_v1
U004779,smart_onboarding,2026-05-10,smart_onboarding_v1
U004780,control,2026-04-24,smart_onboarding_v1
U004781,control,2026-04-25,smart_onboarding_v1
U004782,smart_onboarding,2026-04-23,smart_onboarding_v1
U004783,control,2026-05-11,smart_onboarding_v1
U004784,control,2026-05-01,smart_onboarding_v1
U004785,control,2026-03-01,smart_onboarding_v1
U004786,control,2026-01-21,smart_onboarding_v1
U004787,control,2026-02-09,smart_onboarding_v1
U004788,control,2026-01-20,smart_onboarding_v1
U004789,control,2026-06-19,smart_onboarding_v1
U004790,control,2026-05-18,smart_onboarding_v1
U004791,smart_onboarding,2026-01-19,smart_onboarding_v1
U004792,control,2026-05-24,smart_onboarding_v1
U004793,control,2026-04-23,smart_onboarding_v1
U004794,control,2026-01-18,smart_onboarding_v1
U004795,control,2026-06-28,smart_onboarding_v1
U004796,smart_onboarding,2026-06-18,smart_onboarding_v1
U004797,smart_onboarding,2026-05-13,smart_onboarding_v1
U004798,control,2026-01-05,smart_onboarding_v1
U004799,smart_onboarding,2026-03-24,smart_onboarding_v1
U004800,smart_onboarding,2026-04-14,smart_onboarding_v1
U004801,smart_onboarding,2026-03-16,smart_onboarding_v1
U004802,control,2026-06-01,smart_onboarding_v1
U004803,control,2026-05-04,smart_onboarding_v1
U004804,smart_onboarding,2026-03-29,smart_onboarding_v1
U004805,smart_onboarding,2026-05-07,smart_onboarding_v1
U004806,smart_onboarding,2026-03-26,smart_onboarding_v1
U004807,control,2026-04-29,smart_onboarding_v1
U004808,smart_onboarding,2026-03-29,smart_onboarding_v1
U004809,smart_onboarding,2026-05-08,smart_onboarding_v1
U004810,control,2026-01-24,smart_onboarding_v1
U004811,control,2026-06-12,smart_onboarding_v1
U004812,smart_onboarding,2026-03-21,smart_onboarding_v1
U004813,control,2026-02-21,smart_onboarding_v1
U004814,smart_onboarding,2026-04-19,smart_onboarding_v1
U004815,control,2026-02-28,smart_onboarding_v1
U004816,smart_onboarding,2026-01-30,smart_onboarding_v1
U004817,smart_onboarding,2026-06-20,smart_onboarding_v1
U004818,control,2026-02-05,smart_onboarding_v1
U004819,control,2026-04-23,smart_onboarding_v1
U004820,control,2026-02-04,smart_onboarding_v1
U004821,smart_onboarding,2026-05-04,smart_onboarding_v1
U004822,control,2026-05-03,smart_onboarding_v1
U004823,smart_onboarding,2026-05-22,smart_onboarding_v1
U004824,control,2026-03-01,smart_onboarding_v1
U004825,smart_onboarding,2026-01-22,smart_onboarding_v1
U004826,control,2026-06-04,smart_onboarding_v1
U004827,smart_onboarding,2026-03-04,smart_onboarding_v1
U004828,control,2026-05-24,smart_onboarding_v1
U004829,smart_onboarding,2026-03-26,smart_onboarding_v1
U004830,control,2026-06-19,smart_onboarding_v1
U004831,smart_onboarding,2026-05-04,smart_onboarding_v1
U004832,smart_onboarding,2026-04-21,smart_onboarding_v1
U004833,smart_onboarding,2026-01-22,smart_onboarding_v1
U004834,control,2026-02-18,smart_onboarding_v1
U004835,smart_onboarding,2026-03-25,smart_onboarding_v1
U004836,smart_onboarding,2026-02-05,smart_onboarding_v1
U004837,smart_onboarding,2026-02-06,smart_onboarding_v1
U004838,control,2026-05-03,smart_onboarding_v1
U004839,control,2026-02-11,smart_onboarding_v1
U004840,smart_onboarding,2026-01-06,smart_onboarding_v1
U004841,control,2026-04-12,smart_onboarding_v1
U004842,control,2026-02-17,smart_onboarding_v1
U004843,control,2026-01-09,smart_onboarding_v1
U004844,smart_onboarding,2026-03-25,smart_onboarding_v1
U004845,control,2026-03-06,smart_onboarding_v1
U004846,control,2026-05-11,smart_onboarding_v1
U004847,control,2026-02-18,smart_onboarding_v1
U004848,smart_onboarding,2026-06-07,smart_onboarding_v1
U004849,control,2026-01-20,smart_onboarding_v1
U004850,control,2026-01-13,smart_onboarding_v1
U004851,smart_onboarding,2026-04-02,smart_onboarding_v1
U004852,smart_onboarding,2026-04-11,smart_onboarding_v1
U004853,control,2026-01-26,smart_onboarding_v1
U004854,control,2026-04-02,smart_onboarding_v1
U004855,smart_onboarding,2026-04-06,smart_onboarding_v1
U004856,smart_onboarding,2026-06-25,smart_onboarding_v1
U004857,smart_onboarding,2026-05-01,smart_onboarding_v1
U004858,control,2026-03-03,smart_onboarding_v1
U004859,control,2026-03-30,smart_onboarding_v1
U004860,smart_onboarding,2026-04-07,smart_onboarding_v1
U004861,control,2026-03-07,smart_onboarding_v1
U004862,control,2026-05-21,smart_onboarding_v1
U004863,smart_onboarding,2026-03-02,smart_onboarding_v1
U004864,control,2026-06-24,smart_onboarding_v1
U004865,control,2026-06-29,smart_onboarding_v1
U004866,control,2026-03-31,smart_onboarding_v1
U004867,control,2026-06-25,smart_onboarding_v1
U004868,smart_onboarding,2026-03-08,smart_onboarding_v1
U004869,control,2026-02-01,smart_onboarding_v1
U004870,smart_onboarding,2026-02-22,smart_onboarding_v1
U004871,control,2026-03-25,smart_onboarding_v1
U004872,smart_onboarding,2026-01-09,smart_onboarding_v1
U004873,smart_onboarding,2026-06-24,smart_onboarding_v1
U004874,control,2026-03-28,smart_onboarding_v1
U004875,smart_onboarding,2026-03-20,smart_onboarding_v1
U004876,control,2026-04-22,smart_onboarding_v1
U004877,control,2026-05-29,smart_onboarding_v1
U004878,smart_onboarding,2026-01-07,smart_onboarding_v1
U004879,control,2026-04-02,smart_onboarding_v1
U004880,control,2026-01-27,smart_onboarding_v1
U004881,smart_onboarding,2026-06-08,smart_onboarding_v1
U004882,smart_onboarding,2026-05-27,smart_onboarding_v1
U004883,smart_onboarding,2026-06-08,smart_onboarding_v1
U004884,smart_onboarding,2026-06-27,smart_onboarding_v1
U004885,control,2026-04-05,smart_onboarding_v1
U004886,control,2026-05-06,smart_onboarding_v1
U004887,control,2026-06-06,smart_onboarding_v1
U004888,control,2026-06-16,smart_onboarding_v1
U004889,control,2026-03-27,smart_onboarding_v1
U004890,smart_onboarding,2026-03-15,smart_onboarding_v1
U004891,control,2026-01-16,smart_onboarding_v1
U004892,smart_onboarding,2026-02-18,smart_onboarding_v1
U004893,control,2026-06-28,smart_onboarding_v1
U004894,smart_onboarding,2026-01-26,smart_onboarding_v1
U004895,smart_onboarding,2026-02-05,smart_onboarding_v1
U004896,control,2026-04-28,smart_onboarding_v1
U004897,smart_onboarding,2026-03-21,smart_onboarding_v1
U004898,smart_onboarding,2026-05-06,smart_onboarding_v1
U004899,smart_onboarding,2026-02-17,smart_onboarding_v1
U004900,smart_onboarding,2026-04-03,smart_onboarding_v1
U004901,control,2026-02-25,smart_onboarding_v1
U004902,control,2026-02-04,smart_onboarding_v1
U004903,control,2026-05-18,smart_onboarding_v1
U004904,control,2026-03-17,smart_onboarding_v1
U004905,control,2026-04-21,smart_onboarding_v1
U004906,smart_onboarding,2026-05-11,smart_onboarding_v1
U004907,smart_onboarding,2026-06-08,smart_onboarding_v1
U004908,smart_onboarding,2026-01-28,smart_onboarding_v1
U004909,control,2026-05-21,smart_onboarding_v1
U004910,control,2026-04-12,smart_onboarding_v1
U004911,control,2026-06-14,smart_onboarding_v1
U004912,control,2026-05-17,smart_onboarding_v1
U004913,smart_onboarding,2026-01-15,smart_onboarding_v1
U004914,control,2026-04-03,smart_onboarding_v1
U004915,smart_onboarding,2026-03-17,smart_onboarding_v1
U004916,smart_onboarding,2026-06-27,smart_onboarding_v1
U004917,control,2026-06-22,smart_onboarding_v1
U004918,control,2026-02-25,smart_onboarding_v1
U004919,control,2026-02-01,smart_onboarding_v1
U004920,smart_onboarding,2026-06-29,smart_onboarding_v1
U004921,control,2026-03-20,smart_onboarding_v1
U004922,smart_onboarding,2026-04-28,smart_onboarding_v1
U004923,smart_onboarding,2026-02-25,smart_onboarding_v1
U004924,smart_onboarding,2026-03-06,smart_onboarding_v1
U004925,smart_onboarding,2026-02-27,smart_onboarding_v1
U004926,smart_onboarding,2026-04-18,smart_onboarding_v1
U004927,control,2026-06-21,smart_onboarding_v1
U004928,smart_onboarding,2026-03-25,smart_onboarding_v1
U004929,smart_onboarding,2026-06-04,smart_onboarding_v1
U004930,control,2026-04-02,smart_onboarding_v1
U004931,smart_onboarding,2026-05-11,smart_onboarding_v1
U004932,control,2026-05-05,smart_onboarding_v1
U004933,control,2026-02-06,smart_onboarding_v1
U004934,smart_onboarding,2026-01-10,smart_onboarding_v1
U004935,control,2026-05-04,smart_onboarding_v1
U004936,smart_onboarding,2026-01-31,smart_onboarding_v1
U004937,control,2026-03-12,smart_onboarding_v1
U004938,smart_onboarding,2026-04-10,smart_onboarding_v1
U004939,control,2026-06-19,smart_onboarding_v1
U004940,control,2026-01-10,smart_onboarding_v1
U004941,smart_onboarding,2026-05-03,smart_onboarding_v1
U004942,smart_onboarding,2026-04-09,smart_onboarding_v1
U004943,smart_onboarding,2026-04-04,smart_onboarding_v1
U004944,smart_onboarding,2026-06-16,smart_onboarding_v1
U004945,control,2026-03-12,smart_onboarding_v1
U004946,control,2026-06-23,smart_onboarding_v1
U004947,smart_onboarding,2026-06-13,smart_onboarding_v1
U004948,smart_onboarding,2026-04-25,smart_onboarding_v1
U004949,control,2026-02-10,smart_onboarding_v1
U004950,control,2026-04-16,smart_onboarding_v1
U004951,control,2026-02-14,smart_onboarding_v1
U004952,smart_onboarding,2026-01-11,smart_onboarding_v1
U004953,control,2026-02-10,smart_onboarding_v1
U004954,smart_onboarding,2026-01-01,smart_onboarding_v1
U004955,smart_onboarding,2026-02-17,smart_onboarding_v1
U004956,control,2026-05-22,smart_onboarding_v1
U004957,smart_onboarding,2026-02-08,smart_onboarding_v1
U004958,smart_onboarding,2026-01-21,smart_onboarding_v1
U004959,smart_onboarding,2026-02-13,smart_onboarding_v1
U004960,control,2026-03-20,smart_onboarding_v1
U004961,control,2026-05-10,smart_onboarding_v1
U004962,control,2026-05-20,smart_onboarding_v1
U004963,smart_onboarding,2026-06-11,smart_onboarding_v1
U004964,smart_onboarding,2026-03-20,smart_onboarding_v1
U004965,control,2026-05-07,smart_onboarding_v1
U004966,smart_onboarding,2026-06-06,smart_onboarding_v1
U004967,smart_onboarding,2026-05-14,smart_onboarding_v1
U004968,smart_onboarding,2026-01-31,smart_onboarding_v1
U004969,control,2026-03-30,smart_onboarding_v1
U004970,smart_onboarding,2026-02-24,smart_onboarding_v1
U004971,smart_onboarding,2026-02-20,smart_onboarding_v1
U004972,control,2026-01-11,smart_onboarding_v1
U004973,smart_onboarding,2026-03-03,smart_onboarding_v1
U004974,control,2026-02-06,smart_onboarding_v1
U004975,smart_onboarding,2026-06-16,smart_onboarding_v1
U004976,smart_onboarding,2026-05-06,smart_onboarding_v1
U004977,control,2026-05-22,smart_onboarding_v1
U004978,control,2026-01-20,smart_onboarding_v1
U004979,control,2026-01-13,smart_onboarding_v1
U004980,control,2026-01-03,smart_onboarding_v1
U004981,control,2026-04-08,smart_onboarding_v1
U004982,smart_onboarding,2026-01-10,smart_onboarding_v1
U004983,control,2026-05-09,smart_onboarding_v1
U004984,smart_onboarding,2026-04-15,smart_onboarding_v1
U004985,smart_onboarding,2026-06-23,smart_onboarding_v1
U004986,control,2026-06-19,smart_onboarding_v1
U004987,control,2026-05-01,smart_onboarding_v1
U004988,control,2026-02-10,smart_onboarding_v1
U004989,control,2026-04-20,smart_onboarding_v1
U004990,control,2026-02-20,smart_onboarding_v1
U004991,smart_onboarding,2026-05-13,smart_onboarding_v1
U004992,smart_onboarding,2026-03-08,smart_onboarding_v1
U004993,control,2026-06-25,smart_onboarding_v1
U004994,smart_onboarding,2026-04-21,smart_onboarding_v1
U004995,smart_onboarding,2026-02-11,smart_onboarding_v1
U004996,control,2026-05-01,smart_onboarding_v1
U004997,control,2026-04-27,smart_onboarding_v1
U004998,control,2026-01-12,smart_onboarding_v1
U004999,control,2026-05-08,smart_onboarding_v1
U005000,smart_onboarding,2026-03-06,smart_onboarding_v1
U005001,smart_onboarding,2026-04-27,smart_onboarding_v1
U005002,control,2026-06-24,smart_onboarding_v1
U005003,smart_onboarding,2026-05-06,smart_onboarding_v1
U005004,smart_onboarding,2026-01-18,smart_onboarding_v1
U005005,control,2026-03-01,smart_onboarding_v1
U005006,control,2026-05-06,smart_onboarding_v1
U005007,smart_onboarding,2026-02-27,smart_onboarding_v1
U005008,control,2026-06-15,smart_onboarding_v1
U005009,smart_onboarding,2026-01-19,smart_onboarding_v1
U005010,control,2026-01-22,smart_onboarding_v1
U005011,control,2026-01-24,smart_onboarding_v1
U005012,control,2026-01-28,smart_onboarding_v1
U005013,control,2026-04-22,smart_onboarding_v1
U005014,control,2026-06-01,smart_onboarding_v1
U005015,smart_onboarding,2026-02-26,smart_onboarding_v1
U005016,smart_onboarding,2026-05-02,smart_onboarding_v1
U005017,control,2026-06-01,smart_onboarding_v1
U005018,smart_onboarding,2026-02-25,smart_onboarding_v1
U005019,control,2026-03-03,smart_onboarding_v1
U005020,control,2026-03-29,smart_onboarding_v1
U005021,smart_onboarding,2026-05-03,smart_onboarding_v1
U005022,control,2026-02-06,smart_onboarding_v1
U005023,smart_onboarding,2026-02-02,smart_onboarding_v1
U005024,control,2026-06-02,smart_onboarding_v1
U005025,control,2026-01-12,smart_onboarding_v1
U005026,control,2026-03-09,smart_onboarding_v1
U005027,control,2026-01-17,smart_onboarding_v1
U005028,control,2026-02-12,smart_onboarding_v1
U005029,control,2026-06-15,smart_onboarding_v1
U005030,smart_onboarding,2026-04-16,smart_onboarding_v1
U005031,smart_onboarding,2026-04-29,smart_onboarding_v1
U005032,control,2026-06-11,smart_onboarding_v1
U005033,smart_onboarding,2026-01-04,smart_onboarding_v1
U005034,smart_onboarding,2026-01-19,smart_onboarding_v1
U005035,control,2026-04-23,smart_onboarding_v1
U005036,smart_onboarding,2026-03-08,smart_onboarding_v1
U005037,control,2026-06-28,smart_onboarding_v1
U005038,smart_onboarding,2026-02-01,smart_onboarding_v1
U005039,control,2026-01-03,smart_onboarding_v1
U005040,control,2026-01-14,smart_onboarding_v1
U005041,smart_onboarding,2026-06-02,smart_onboarding_v1
U005042,smart_onboarding,2026-04-09,smart_onboarding_v1
U005043,smart_onboarding,2026-02-02,smart_onboarding_v1
U005044,control,2026-01-24,smart_onboarding_v1
U005045,smart_onboarding,2026-05-27,smart_onboarding_v1
U005046,control,2026-01-22,smart_onboarding_v1
U005047,smart_onboarding,2026-06-13,smart_onboarding_v1
U005048,control,2026-04-06,smart_onboarding_v1
U005049,smart_onboarding,2026-04-09,smart_onboarding_v1
U005050,control,2026-01-07,smart_onboarding_v1
U005051,smart_onboarding,2026-02-20,smart_onboarding_v1
U005052,control,2026-03-01,smart_onboarding_v1
U005053,control,2026-05-02,smart_onboarding_v1
U005054,smart_onboarding,2026-05-12,smart_onboarding_v1
U005055,smart_onboarding,2026-01-14,smart_onboarding_v1
U005056,control,2026-01-26,smart_onboarding_v1
U005057,smart_onboarding,2026-01-18,smart_onboarding_v1
U005058,smart_onboarding,2026-03-15,smart_onboarding_v1
U005059,smart_onboarding,2026-04-01,smart_onboarding_v1
U005060,smart_onboarding,2026-02-23,smart_onboarding_v1
U005061,control,2026-04-25,smart_onboarding_v1
U005062,smart_onboarding,2026-03-07,smart_onboarding_v1
U005063,smart_onboarding,2026-06-27,smart_onboarding_v1
U005064,control,2026-05-31,smart_onboarding_v1
U005065,smart_onboarding,2026-05-11,smart_onboarding_v1
U005066,control,2026-02-01,smart_onboarding_v1
U005067,smart_onboarding,2026-03-01,smart_onboarding_v1
U005068,smart_onboarding,2026-03-31,smart_onboarding_v1
U005069,smart_onboarding,2026-05-10,smart_onboarding_v1
U005070,control,2026-02-18,smart_onboarding_v1
U005071,smart_onboarding,2026-04-06,smart_onboarding_v1
U005072,control,2026-04-05,smart_onboarding_v1
U005073,control,2026-03-29,smart_onboarding_v1
U005074,control,2026-06-28,smart_onboarding_v1
U005075,control,2026-01-08,smart_onboarding_v1
U005076,control,2026-05-31,smart_onboarding_v1
U005077,smart_onboarding,2026-03-20,smart_onboarding_v1
U005078,smart_onboarding,2026-06-02,smart_onboarding_v1
U005079,smart_onboarding,2026-05-31,smart_onboarding_v1
U005080,control,2026-05-08,smart_onboarding_v1
U005081,smart_onboarding,2026-01-29,smart_onboarding_v1
U005082,smart_onboarding,2026-03-03,smart_onboarding_v1
U005083,smart_onboarding,2026-02-19,smart_onboarding_v1
U005084,smart_onboarding,2026-04-12,smart_onboarding_v1
U005085,smart_onboarding,2026-02-09,smart_onboarding_v1
U005086,smart_onboarding,2026-04-22,smart_onboarding_v1
U005087,control,2026-05-14,smart_onboarding_v1
U005088,smart_onboarding,2026-05-11,smart_onboarding_v1
U005089,smart_onboarding,2026-06-16,smart_onboarding_v1
U005090,control,2026-01-15,smart_onboarding_v1
U005091,smart_onboarding,2026-03-26,smart_onboarding_v1
U005092,control,2026-04-18,smart_onboarding_v1
U005093,smart_onboarding,2026-03-01,smart_onboarding_v1
U005094,smart_onboarding,2026-03-22,smart_onboarding_v1
U005095,control,2026-04-20,smart_onboarding_v1
U005096,smart_onboarding,2026-02-16,smart_onboarding_v1
U005097,smart_onboarding,2026-05-12,smart_onboarding_v1
U005098,control,2026-02-17,smart_onboarding_v1
U005099,control,2026-03-22,smart_onboarding_v1
U005100,smart_onboarding,2026-04-04,smart_onboarding_v1
U005101,control,2026-02-09,smart_onboarding_v1
U005102,smart_onboarding,2026-01-13,smart_onboarding_v1
U005103,control,2026-02-07,smart_onboarding_v1
U005104,smart_onboarding,2026-05-14,smart_onboarding_v1
U005105,control,2026-04-13,smart_onboarding_v1
U005106,control,2026-06-23,smart_onboarding_v1
U005107,control,2026-05-22,smart_onboarding_v1
U005108,control,2026-02-25,smart_onboarding_v1
U005109,control,2026-06-22,smart_onboarding_v1
U005110,smart_onboarding,2026-01-15,smart_onboarding_v1
U005111,smart_onboarding,2026-03-20,smart_onboarding_v1
U005112,control,2026-01-17,smart_onboarding_v1
U005113,control,2026-02-13,smart_onboarding_v1
U005114,control,2026-03-25,smart_onboarding_v1
U005115,smart_onboarding,2026-05-23,smart_onboarding_v1
U005116,control,2026-01-26,smart_onboarding_v1
U005117,control,2026-02-18,smart_onboarding_v1
U005118,control,2026-06-28,smart_onboarding_v1
U005119,control,2026-03-05,smart_onboarding_v1
U005120,control,2026-04-16,smart_onboarding_v1
U005121,control,2026-01-12,smart_onboarding_v1
U005122,smart_onboarding,2026-03-02,smart_onboarding_v1
U005123,control,2026-06-13,smart_onboarding_v1
U005124,smart_onboarding,2026-01-04,smart_onboarding_v1
U005125,control,2026-03-29,smart_onboarding_v1
U005126,control,2026-04-07,smart_onboarding_v1
U005127,smart_onboarding,2026-01-23,smart_onboarding_v1
U005128,control,2026-03-01,smart_onboarding_v1
U005129,control,2026-04-29,smart_onboarding_v1
U005130,smart_onboarding,2026-02-16,smart_onboarding_v1
U005131,smart_onboarding,2026-06-30,smart_onboarding_v1
U005132,control,2026-05-09,smart_onboarding_v1
U005133,control,2026-06-19,smart_onboarding_v1
U005134,smart_onboarding,2026-03-31,smart_onboarding_v1
U005135,smart_onboarding,2026-05-28,smart_onboarding_v1
U005136,smart_onboarding,2026-05-03,smart_onboarding_v1
U005137,smart_onboarding,2026-05-26,smart_onboarding_v1
U005138,smart_onboarding,2026-06-18,smart_onboarding_v1
U005139,control,2026-03-19,smart_onboarding_v1
U005140,smart_onboarding,2026-04-16,smart_onboarding_v1
U005141,smart_onboarding,2026-01-23,smart_onboarding_v1
U005142,control,2026-01-11,smart_onboarding_v1
U005143,control,2026-05-01,smart_onboarding_v1
U005144,control,2026-04-03,smart_onboarding_v1
U005145,smart_onboarding,2026-04-29,smart_onboarding_v1
U005146,control,2026-02-25,smart_onboarding_v1
U005147,smart_onboarding,2026-02-28,smart_onboarding_v1
U005148,smart_onboarding,2026-05-27,smart_onboarding_v1
U005149,control,2026-06-25,smart_onboarding_v1
U005150,smart_onboarding,2026-06-12,smart_onboarding_v1
U005151,smart_onboarding,2026-01-05,smart_onboarding_v1
U005152,smart_onboarding,2026-01-26,smart_onboarding_v1
U005153,smart_onboarding,2026-01-13,smart_onboarding_v1
U005154,control,2026-04-08,smart_onboarding_v1
U005155,smart_onboarding,2026-03-28,smart_onboarding_v1
U005156,control,2026-06-09,smart_onboarding_v1
U005157,smart_onboarding,2026-04-22,smart_onboarding_v1
U005158,control,2026-02-21,smart_onboarding_v1
U005159,control,2026-04-16,smart_onboarding_v1
U005160,control,2026-04-08,smart_onboarding_v1
U005161,control,2026-05-01,smart_onboarding_v1
U005162,control,2026-06-13,smart_onboarding_v1
U005163,smart_onboarding,2026-02-07,smart_onboarding_v1
U005164,control,2026-06-09,smart_onboarding_v1
U005165,control,2026-04-17,smart_onboarding_v1
U005166,smart_onboarding,2026-03-26,smart_onboarding_v1
U005167,control,2026-03-14,smart_onboarding_v1
U005168,smart_onboarding,2026-03-05,smart_onboarding_v1
U005169,smart_onboarding,2026-06-15,smart_onboarding_v1
U005170,control,2026-06-03,smart_onboarding_v1
U005171,control,2026-01-31,smart_onboarding_v1
U005172,smart_onboarding,2026-06-02,smart_onboarding_v1
U005173,smart_onboarding,2026-05-24,smart_onboarding_v1
U005174,control,2026-04-06,smart_onboarding_v1
U005175,smart_onboarding,2026-03-06,smart_onboarding_v1
U005176,smart_onboarding,2026-03-11,smart_onboarding_v1
U005177,smart_onboarding,2026-01-10,smart_onboarding_v1
U005178,control,2026-05-22,smart_onboarding_v1
U005179,control,2026-02-26,smart_onboarding_v1
U005180,control,2026-02-11,smart_onboarding_v1
U005181,control,2026-01-23,smart_onboarding_v1
U005182,control,2026-01-30,smart_onboarding_v1
U005183,smart_onboarding,2026-03-17,smart_onboarding_v1
U005184,control,2026-01-29,smart_onboarding_v1
U005185,smart_onboarding,2026-04-15,smart_onboarding_v1
U005186,control,2026-01-21,smart_onboarding_v1
U005187,control,2026-04-16,smart_onboarding_v1
U005188,smart_onboarding,2026-06-02,smart_onboarding_v1
U005189,smart_onboarding,2026-06-20,smart_onboarding_v1
U005190,smart_onboarding,2026-05-21,smart_onboarding_v1
U005191,smart_onboarding,2026-01-18,smart_onboarding_v1
U005192,smart_onboarding,2026-06-20,smart_onboarding_v1
U005193,smart_onboarding,2026-02-26,smart_onboarding_v1
U005194,smart_onboarding,2026-03-19,smart_onboarding_v1
U005195,control,2026-01-06,smart_onboarding_v1
U005196,control,2026-04-24,smart_onboarding_v1
U005197,control,2026-06-07,smart_onboarding_v1
U005198,control,2026-05-28,smart_onboarding_v1
U005199,control,2026-03-03,smart_onboarding_v1
U005200,control,2026-05-29,smart_onboarding_v1
